{"WhiteLabel":false,"NavItems":[{"Text":"Getting Started","Link":"$h/__getting_started","SubItems":[{"Text":"Introduction","Link":"$h/__intro","SubItems":[],"Label":null,"Skip":true,"IsExternal":false},{"Text":"Install the Package","Link":"$h/__how_to_install","SubItems":[],"Label":null,"Skip":true,"IsExternal":false},{"Text":"Building","Link":"$h/__how_to_build","SubItems":[{"Text":"Requirements","Link":"Requirements","SubItems":[],"Label":null,"Skip":false,"IsExternal":false},{"Text":"Verify Successful Installation","Link":"Verify Successful Installation","SubItems":[],"Label":null,"Skip":false,"IsExternal":false},{"Text":"Install Dependencies","Link":"Install Dependencies","SubItems":[],"Label":null,"Skip":false,"IsExternal":false}],"Label":null,"Skip":true,"IsExternal":false},{"Text":"Installation","Link":"$h/__how_to_use","SubItems":[],"Label":null,"Skip":true,"IsExternal":false},{"Text":"Environments","Link":"$h/__enviroments","SubItems":[],"Label":null,"Skip":true,"IsExternal":false},{"Text":"Initialize the API Client","Link":"$h/__initializing","SubItems":[{"Text":"HttpClientOptions","Link":"HttpClientOptions","SubItems":[],"Label":null,"Skip":false,"IsExternal":false},{"Text":"RetryConfiguration","Link":"RetryConfiguration","SubItems":[],"Label":null,"Skip":false,"IsExternal":false}],"Label":null,"Skip":true,"IsExternal":false},{"Text":"Authorization","Link":"$h/__authorize","SubItems":[],"Label":null,"Skip":true,"IsExternal":false},{"Text":"Client Credentials Grant","Link":"$h/__client_credentials_grant","SubItems":[],"Label":null,"Skip":true,"IsExternal":false},{"Text":"Authorization Code Grant","Link":"$h/__authorization_code_grant","SubItems":[],"Label":null,"Skip":true,"IsExternal":false},{"Text":"Resource Owner Password Grant","Link":"$h/__resource_owner_password_grant","SubItems":[],"Label":null,"Skip":true,"IsExternal":false},{"Text":"Implicit Grant","Link":"$h/__implicit_grant","SubItems":[],"Label":null,"Skip":true,"IsExternal":false},{"Text":"Test the SDK","Link":"$h/__how_to_test","SubItems":[],"Label":null,"Skip":true,"IsExternal":false},{"Text":"API Errors","Link":"$h/__api_errors","SubItems":[],"Label":null,"Skip":true,"IsExternal":false}],"Label":null,"Skip":false,"IsExternal":false},{"Text":"Client Class Documentation","Link":"$h/__client_documentation","SubItems":[{"Text":"APIMATIC Calculator Client","Link":"APIMATIC Calculator Client","SubItems":[],"Label":null,"Skip":false,"IsExternal":false},{"Text":"Controllers","Link":"Controllers","SubItems":[],"Label":null,"Skip":false,"IsExternal":false}],"Label":null,"Skip":true,"IsExternal":false},{"Text":"API Reference","Link":"$h/__api_reference","SubItems":[{"Text":"List of APIs","Link":"$h/__list_of_apis","SubItems":[],"Label":null,"Skip":false,"IsExternal":false},{"Text":"Simple Calculator","Link":"$e/Simple%20Calculator","SubItems":[{"Text":"Get Calculate","Link":"$e/Simple%20Calculator/Calculate","SubItems":[],"Label":null,"Skip":false,"IsExternal":false}],"Label":null,"Skip":false,"IsExternal":false}],"Label":null,"Skip":false,"IsExternal":false},{"Text":"Model Reference","Link":"$h/__model_reference","SubItems":[{"Text":"Enumerations","Link":"$h/__model_reference/Enumerations","SubItems":[{"Text":"Operation Type","Link":"$m/Operation%20Type","SubItems":[],"Label":null,"Skip":false,"IsExternal":false}],"Label":null,"Skip":false,"IsExternal":false}],"Label":null,"Skip":false,"IsExternal":false},{"Text":"Utility Classes Documentation","Link":"$h/__utilities_documentation","SubItems":[],"Label":null,"Skip":true,"IsExternal":false},{"Text":"Common Code Documentation","Link":"$h/__common_code_documentation","SubItems":[{"Text":"ApiResponse","Link":"$h/__common_code_documentation/ApiResponse","SubItems":[{"Text":"Properties","Link":"Properties","SubItems":[],"Label":null,"Skip":false,"IsExternal":false}],"Label":null,"Skip":false,"IsExternal":false},{"Text":"ApiError","Link":"$h/__common_code_documentation/ApiError","SubItems":[{"Text":"Properties","Link":"Properties","SubItems":[],"Label":null,"Skip":false,"IsExternal":false}],"Label":null,"Skip":false,"IsExternal":false}],"Label":null,"Skip":true,"IsExternal":false}],"DataModel":{"showFullCode":false,"skipSslCertVerification":null,"config":{},"environment":"production","auth":null,"call":{"additionalQueryParams":null,"additionalFieldParams":null,"args":{}}},"DataModelSchema":{"type":"object","additionalProperties":false,"properties":{"showFullCode":{"title":"Show Complete File","description":"Show complete file for code, with bootstrap and error handling included.","type":"boolean"},"environment":{"title":"Environment","description":"Select an API environment","type":"string","default":"production","enum":["production"]}},"required":["showFullCode","environment"]},"PublishedPackage":null,"AuthHttpCallTemplate":null,"ApiAuthentication":null,"KnownLinkPrefixes":["page"],"Title":"Getting Started with APIMATIC Calculator","Sections":[{"Title":"Getting Started","Nodes":[{"Title":"Introduction","Nodes":[{"Text":"Simple calculator API hosted on APIMATIC\n\n","Type":"paragraph"}],"PlaceholderId":"__intro","SuggestedLinkText":"Introduction","SuggestedLink":"$h/__intro","SuggestedLinkLevel":2,"LinkLabel":null,"HideFromNavigation":true,"Type":"section"},{"Title":"Install the Package","Nodes":[],"PlaceholderId":"__how_to_install","SuggestedLinkText":"Install the Package","SuggestedLink":"$h/__how_to_install","SuggestedLinkLevel":2,"LinkLabel":null,"HideFromNavigation":true,"Type":"section"},{"Title":"Building","Nodes":[{"Level":1,"Text":"Requirements","SuggestedLinkText":"Requirements","SuggestedLink":"Requirements","SuggestedLinkLevel":0,"LinkLabel":null,"HideFromNavigation":false,"Type":"heading"},{"Text":"The SDK relies on **Node.js** and **npm** (to resolve dependencies). You can download and install Node.js and [npm](https://www.npmjs.com/) from [the official Node.js website](https://nodejs.org/en/download/).","Type":"paragraph"},{"Text":"> **NOTE:** npm is installed by default when Node.js is installed.","Type":"paragraph"},{"Level":1,"Text":"Verify Successful Installation","SuggestedLinkText":"Verify Successful Installation","SuggestedLink":"Verify Successful Installation","SuggestedLinkLevel":0,"LinkLabel":null,"HideFromNavigation":false,"Type":"heading"},{"Text":"Run the following commands in the command prompt or shell of your choice to check if Node.js and npm are successfully installed:","Type":"paragraph"},{"Text":"* Node.js: `node --version`","Type":"paragraph"},{"Text":"* npm: `npm --version`","Type":"paragraph"},{"Url":"/static/images/TS_GENERIC_LIB/file0.svg","AlterateText":"Version Check","Type":"image"},{"Level":1,"Text":"Install Dependencies","SuggestedLinkText":"Install Dependencies","SuggestedLink":"Install Dependencies","SuggestedLinkLevel":0,"LinkLabel":null,"HideFromNavigation":false,"Type":"heading"},{"Text":"- To resolve all dependencies, go to the **SDK root directory** and run the following command with npm:","Type":"paragraph"},{"Text":"```bash\r\nnpm install\r\n```","Type":"paragraph"},{"Text":"- This will install all dependencies in the **node_modules** folder.","Type":"paragraph"},{"Url":"/static/images/TS_GENERIC_LIB/file1.svg","AlterateText":"Resolve Dependencies","Type":"image"}],"PlaceholderId":"__how_to_build","SuggestedLinkText":"Building","SuggestedLink":"$h/__how_to_build","SuggestedLinkLevel":2,"LinkLabel":null,"HideFromNavigation":true,"Type":"section"},{"Title":"Installation","Nodes":[{"Text":"The following section explains how to use the generated library in a new project.","Type":"paragraph"},{"Steps":[{"Nodes":[{"Text":"- Open an IDE/text editor for JavaScript like Visual Studio Code. The basic workflow presented here is also applicable if you prefer using a different editor or IDE.","Type":"paragraph"},{"Text":"- Click on **File** and select **Open Folder**. Select an empty folder of your project, the folder will become visible in the sidebar on the left.","Type":"paragraph"},{"Url":"/static/images/TS_GENERIC_LIB/file2.svg","AlterateText":"Open Folder","Type":"image"},{"Text":"- To initialize the Node project, click on **Terminal** and select **New Terminal**. Execute the following command in the terminal:","Type":"paragraph"},{"Text":"```bash\r\nnpm init --y\r\n```","Type":"paragraph"},{"Url":"/static/images/TS_GENERIC_LIB/file3.svg","AlterateText":"Initialize the Node Project","Type":"image"}],"Title":"Initialize the Node Project","Type":"step"},{"Nodes":[{"Text":"- The created project manages its dependencies using its `package.json` file. In order to add a dependency on the *APIMATIC CalculatorLib* client library, double click on the ``` package.json ``` file in the bar on the left and add the dependency to the package in it.","Type":"paragraph"},{"Url":"/static/images/TS_GENERIC_LIB/file4.svg","AlterateText":"Add ApimaticCalculatorlib Dependency","Type":"image"},{"Text":"- To install the package in the project, run the following command in the terminal:","Type":"paragraph"},{"Text":"```bash\r\nnpm install\r\n```","Type":"paragraph"},{"Url":"/static/images/TS_GENERIC_LIB/file5.svg","AlterateText":"Install ApimaticCalculatorlib Dependency","Type":"image"}],"Title":"Add Dependencies to the Client Library","Type":"step"}],"Type":"steppedguide"}],"PlaceholderId":"__how_to_use","SuggestedLinkText":"Installation","SuggestedLink":"$h/__how_to_use","SuggestedLinkLevel":2,"LinkLabel":null,"HideFromNavigation":true,"Type":"section"},{"Title":"Environments","Nodes":[],"PlaceholderId":"__enviroments","SuggestedLinkText":"Environments","SuggestedLink":"$h/__enviroments","SuggestedLinkLevel":2,"LinkLabel":null,"HideFromNavigation":true,"Type":"section"},{"Title":"Initialize the API Client","Nodes":[{"Text":"The following parameters are configurable for the API Client:","Type":"paragraph"},{"Header":{"Data":["Parameter","Type","Description"],"Type":"tablerow"},"Rows":[{"Data":["`environment`","Environment","The API environment. <br> **Default: `Environment.Production`**"],"Type":"tablerow"},{"Data":["`timeout`","`number`","Timeout for API calls.<br>*Default*: `0`"],"Type":"tablerow"},{"Data":["`httpClientOptions`","`Partial<HttpClientOptions>`","Stable configurable http client options."],"Type":"tablerow"},{"Data":["`unstableHttpClientOptions`","`any`","Unstable configurable http client options."],"Type":"tablerow"}],"Type":"table"},{"Level":1,"Text":"HttpClientOptions","SuggestedLinkText":"HttpClientOptions","SuggestedLink":"HttpClientOptions","SuggestedLinkLevel":0,"LinkLabel":null,"HideFromNavigation":false,"Type":"heading"},{"Header":{"Data":["Parameter","Type","Description"],"Type":"tablerow"},"Rows":[{"Data":["`timeout`","`number`","Timeout in milliseconds."],"Type":"tablerow"},{"Data":["`httpAgent`","`any`","Custom http agent to be used when performing http requests."],"Type":"tablerow"},{"Data":["`httpsAgent`","`any`","Custom https agent to be used when performing http requests."],"Type":"tablerow"},{"Data":["`retryConfig`","`Partial<RetryConfiguration>`","Configurations to retry requests."],"Type":"tablerow"}],"Type":"table"},{"Level":1,"Text":"RetryConfiguration","SuggestedLinkText":"RetryConfiguration","SuggestedLink":"RetryConfiguration","SuggestedLinkLevel":0,"LinkLabel":null,"HideFromNavigation":false,"Type":"heading"},{"Header":{"Data":["Parameter","Type","Description"],"Type":"tablerow"},"Rows":[{"Data":["`maxNumberOfRetries`","`number`","Maximum number of retries. <br> *Default*: `0`"],"Type":"tablerow"},{"Data":["`retryOnTimeout`","`boolean`","Whether to retry on request timeout. <br> *Default*: `true`"],"Type":"tablerow"},{"Data":["`retryInterval`","`number`","Interval before next retry. Used in calculation of wait time for next request in case of failure. <br> *Default*: `1`"],"Type":"tablerow"},{"Data":["`maximumRetryWaitTime`","`number`","Overall wait time for the requests getting retried. <br> *Default*: `0`"],"Type":"tablerow"},{"Data":["`backoffFactor`","`number`","Used in calculation of wait time for next request in case of failure. <br> *Default*: `2`"],"Type":"tablerow"},{"Data":["`httpStatusCodesToRetry`","`number[]`","Http status codes to retry against. <br> *Default*: `[408, 413, 429, 500, 502, 503, 504, 521, 522, 524, 408, 413, 429, 500, 502, 503, 504, 521, 522, 524]`"],"Type":"tablerow"},{"Data":["`httpMethodsToRetry`","`HttpMethod[]`","Http methods to retry against. <br> *Default*: `['GET', 'PUT', 'GET', 'PUT']`"],"Type":"tablerow"}],"Type":"table"},{"Text":"The API client can be initialized as follows:","Type":"paragraph"},{"Text":"const client = new Client({\n  timeout: 0,\n  environment: Environment.Production,\r\n})","Language":"ts","Type":"codeblock"}],"PlaceholderId":"__initializing","SuggestedLinkText":"Initialize the API Client","SuggestedLink":"$h/__initializing","SuggestedLinkLevel":2,"LinkLabel":null,"HideFromNavigation":true,"Type":"section"},{"Title":"Authorization","Nodes":[],"PlaceholderId":"__authorize","SuggestedLinkText":"Authorization","SuggestedLink":"$h/__authorize","SuggestedLinkLevel":2,"LinkLabel":null,"HideFromNavigation":true,"Type":"section"},{"Title":"Client Credentials Grant","Nodes":[],"PlaceholderId":"__client_credentials_grant","SuggestedLinkText":"Client Credentials Grant","SuggestedLink":"$h/__client_credentials_grant","SuggestedLinkLevel":2,"LinkLabel":null,"HideFromNavigation":true,"Type":"section"},{"Title":"Authorization Code Grant","Nodes":[],"PlaceholderId":"__authorization_code_grant","SuggestedLinkText":"Authorization Code Grant","SuggestedLink":"$h/__authorization_code_grant","SuggestedLinkLevel":2,"LinkLabel":null,"HideFromNavigation":true,"Type":"section"},{"Title":"Resource Owner Password Grant","Nodes":[],"PlaceholderId":"__resource_owner_password_grant","SuggestedLinkText":"Resource Owner Password Grant","SuggestedLink":"$h/__resource_owner_password_grant","SuggestedLinkLevel":2,"LinkLabel":null,"HideFromNavigation":true,"Type":"section"},{"Title":"Implicit Grant","Nodes":[],"PlaceholderId":"__implicit_grant","SuggestedLinkText":"Implicit Grant","SuggestedLink":"$h/__implicit_grant","SuggestedLinkLevel":2,"LinkLabel":null,"HideFromNavigation":true,"Type":"section"},{"Title":"Test the SDK","Nodes":[],"PlaceholderId":"__how_to_test","SuggestedLinkText":"Test the SDK","SuggestedLink":"$h/__how_to_test","SuggestedLinkLevel":2,"LinkLabel":null,"HideFromNavigation":true,"Type":"section"},{"Title":"API Errors","Nodes":[],"PlaceholderId":"__api_errors","SuggestedLinkText":"API Errors","SuggestedLink":"$h/__api_errors","SuggestedLinkLevel":2,"LinkLabel":null,"HideFromNavigation":true,"Type":"section"}],"PlaceholderId":"__getting_started","SuggestedLinkText":"Getting Started","SuggestedLink":"$h/__getting_started","SuggestedLinkLevel":1,"LinkLabel":null,"HideFromNavigation":false,"Type":"section"},{"Title":"Client Class Documentation","Nodes":[{"Level":1,"Text":"APIMATIC Calculator Client","SuggestedLinkText":"APIMATIC Calculator Client","SuggestedLink":"APIMATIC Calculator Client","SuggestedLinkLevel":0,"LinkLabel":null,"HideFromNavigation":false,"Type":"heading"},{"Text":" The gateway for the SDK. This class acts as a factory for the Controllers and also holds the configuration of the SDK.","Type":"paragraph"},{"Level":1,"Text":"Controllers","SuggestedLinkText":"Controllers","SuggestedLink":"Controllers","SuggestedLinkLevel":0,"LinkLabel":null,"HideFromNavigation":false,"Type":"heading"},{"Header":{"Data":["Name","Description"],"Type":"tablerow"},"Rows":[{"Data":["simpleCalculator","Gets SimpleCalculatorController"],"Type":"tablerow"}],"Type":"table"}],"PlaceholderId":"__client_documentation","SuggestedLinkText":"Client Class Documentation","SuggestedLink":"$h/__client_documentation","SuggestedLinkLevel":1,"LinkLabel":null,"HideFromNavigation":true,"Type":"section"},{"Title":"API Reference","Nodes":[{"Title":"List of APIs","Nodes":[{"Text":"* [Simple Calculator]($e/Simple%20Calculator)","Type":"paragraph"}],"PlaceholderId":null,"SuggestedLinkText":"List of APIs","SuggestedLink":"$h/__list_of_apis","SuggestedLinkLevel":2,"LinkLabel":null,"HideFromNavigation":false,"Type":"section"},{"Title":"Simple Calculator","Nodes":[{"Title":"Get Calculate","Nodes":[{"Title":"Get Calculate","Name":"getCalculate","Description":"Calculates the expression using the specified operation.\n\r\n","ReturnType":"number","ReturnTypeLink":null,"ResponseText":"","ReturnTypeExample":null,"RequiresAuthentication":false,"MethodSignature":{"Text":"async getCalculate(\r\n  operation: OperationTypeEnum,\r\n  x: number,\r\n  y: number,\r\n  requestOptions?: RequestOptions\r\n): Promise<ApiResponse<number>>","Language":"ts","Type":"codeblock"},"Parameters":[{"Name":"operation","GenericName":"operation","DataType":"OperationTypeEnum","Description":"The operator to apply on the variables","Required":true,"LinkTo":"$m/Operation%20Type","Constant":false,"ParamType":"Template","DataTypeMarkdown":null,"ContainerTypes":null,"TypeCombinatorTypes":null,"Getter":null,"Setter":null,"Type":"paraminfo"},{"Name":"x","GenericName":"x","DataType":"number","Description":"The LHS value","Required":true,"LinkTo":"","Constant":false,"ParamType":"Query","DataTypeMarkdown":null,"ContainerTypes":null,"TypeCombinatorTypes":null,"Getter":null,"Setter":null,"Type":"paraminfo"},{"Name":"y","GenericName":"y","DataType":"number","Description":"The RHS value","Required":true,"LinkTo":"","Constant":false,"ParamType":"Query","DataTypeMarkdown":null,"ContainerTypes":null,"TypeCombinatorTypes":null,"Getter":null,"Setter":null,"Type":"paraminfo"},{"Name":"requestOptions","GenericName":null,"DataType":"RequestOptions | undefined","Description":"Pass additional request options.","Required":false,"LinkTo":null,"Constant":false,"ParamType":null,"DataTypeMarkdown":null,"ContainerTypes":null,"TypeCombinatorTypes":null,"Getter":null,"Setter":null,"Type":"paraminfo"}],"Scopes":[],"Errors":[],"StaticUsageExample":null,"UsageExample":{"EndpointGroupName":"Simple Calculator","EndpointName":"Calculate","Index":0,"CallModel":{"additionalQueryParams":null,"additionalFieldParams":null,"args":{"operation":"MULTIPLY","x":222.14,"y":165.14}},"CallModelSchema":{"title":"Endpoint Arguments","type":"object","additionalProperties":false,"properties":{"args":{"id":"endpoint_7C26ABBCDB1F9","title":"endpoint_7C26ABBCDB1F9","type":"object","properties":{"operation":{"title":"Operation Type","description":"The operator to apply on the variables","x-enum-elements":[{"name":"SUM","description":"Represents the sum operator"},{"name":"SUBTRACT","description":"Represents the subtract operator"},{"name":"MULTIPLY","description":"Represents the multiply operator"},{"name":"DIVIDE","description":"Represents the divide operator"}],"type":"string","enum":["SUM","SUBTRACT","MULTIPLY","DIVIDE"]},"x":{"description":"The LHS value","type":"number"},"y":{"description":"The RHS value","type":"number"}},"required":["operation","x","y"]}},"required":["args"]},"HttpCallTemplate":"{\"method\":\"GET\",\"url\":\"{% case environment %}{% when \"production\" %}https://examples.apimatic.io/apps/calculator{% else %}envrr{% endcase %}/{{ call[\"args\"][\"operation\"] }}{% capture inline_query_capture_876234 %}&x={% if call[\"args\"][\"x\"] != nil %}{{ call[\"args\"][\"x\"] }}{% else %}null{% endif %}&y={% if call[\"args\"][\"y\"] != nil %}{{ call[\"args\"][\"y\"] }}{% else %}null{% endif %}{% endcapture %}{% if inline_query_capture_876234.size > 0 %}?{% endif %}{{ inline_query_capture_876234 | remove_first:'&' }}\",\"headers\":{% capture header_capture_9023987234 %}{% endcapture %}{{ '{' }}{{ header_capture_9023987234 | remove_first:',' }}},\"body\":{{ '{' }}\"type\":\"none\"}}","Templates":{"TS_GENERIC_LIB":"{% if showFullCode %}import {\r\n  ApiError,\r\n  Client,\r\n  SimpleCalculatorController,\r\n} from 'apimatic-calculatorlib';\r\n\n{% endif %}{% if showFullCode %}const client = new Client({\n  timeout: 0,{% if environment != \"production\" or showFullCode == false %}\n  environment: {% case environment %}{% when 'production' %}Environment.Production,{% else %}envrr{% endcase %}{% endif %}\r\n})\r\nconst simpleCalculatorController = new SimpleCalculatorController(client);\r\n{% endif %}const operation = {% if call[\"args\"][\"operation\"] != nil %}'{{ call[\"args\"][\"operation\"] | replace: \"\\\\\", \"\\\\\" | replace: \"'\", \"\\'\" | replace: \"\\n\", \"\\n\" }}'{% else %}null{% endif %};\nconst x = {% if call[\"args\"][\"x\"] != nil %}{{ call[\"args\"][\"x\"] }}{% else %}null{% endif %};\nconst y = {% if call[\"args\"][\"y\"] != nil %}{{ call[\"args\"][\"y\"] }}{% else %}null{% endif %};\ntry {\n  const { result, ...httpResponse } = await simpleCalculatorController.getCalculate(operation, x, y);\n  // Get more response info...\n  // const { statusCode, headers } = httpResponse;\n} catch(error) {\n  if (error instanceof ApiError) {\n    const errors = error.result;\n    // const { statusCode, headers } = error;\n  }\n}\r\n"},"Type":"compilablecodeblock"},"Response":null,"ServerName":null,"Id":null,"Type":"endpointreference"}],"PlaceholderId":null,"SuggestedLinkText":"Get Calculate","SuggestedLink":"$e/Simple%20Calculator/Calculate","SuggestedLinkLevel":3,"LinkLabel":null,"HideFromNavigation":false,"Type":"section"}],"PlaceholderId":null,"SuggestedLinkText":"Simple Calculator","SuggestedLink":"$e/Simple%20Calculator","SuggestedLinkLevel":2,"LinkLabel":null,"HideFromNavigation":false,"Type":"section"}],"PlaceholderId":"__api_reference","SuggestedLinkText":"API Reference","SuggestedLink":"$h/__api_reference","SuggestedLinkLevel":1,"LinkLabel":null,"HideFromNavigation":false,"Type":"section"},{"Title":"Model Reference","Nodes":[{"Title":"Enumerations","Nodes":[{"Text":"* [Operation Type]($m/Operation%20Type)","Type":"paragraph"},{"Title":"Operation Type","Nodes":[{"Elements":[{"Key":"sUM","Value":"Represents the sum operator"},{"Key":"sUBTRACT","Value":"Represents the subtract operator"},{"Key":"mULTIPLY","Value":"Represents the multiply operator"},{"Key":"dIVIDE","Value":"Represents the divide operator"}],"Title":"Operation Type","Name":"OperationTypeEnum","OriginalName":"Operation Type","Description":"Possible operators are sum, subtract, multiply, divide","BaseClass":null,"BaseClassLink":null,"StructureType":"Enum Type Name","ContainedTypesName":"Enum Members","Example":null,"Id":null,"Type":"enumreference"}],"PlaceholderId":null,"SuggestedLinkText":"Operation Type","SuggestedLink":"$m/Operation%20Type","SuggestedLinkLevel":3,"LinkLabel":null,"HideFromNavigation":false,"Type":"section"}],"PlaceholderId":null,"SuggestedLinkText":"Enumerations","SuggestedLink":"$h/__model_reference/Enumerations","SuggestedLinkLevel":2,"LinkLabel":null,"HideFromNavigation":false,"Type":"section"}],"PlaceholderId":"__model_reference","SuggestedLinkText":"Model Reference","SuggestedLink":"$h/__model_reference","SuggestedLinkLevel":1,"LinkLabel":null,"HideFromNavigation":false,"Type":"section"},{"Title":"Utility Classes Documentation","Nodes":[],"PlaceholderId":"__utilities_documentation","SuggestedLinkText":"Utility Classes Documentation","SuggestedLink":"$h/__utilities_documentation","SuggestedLinkLevel":1,"LinkLabel":null,"HideFromNavigation":true,"Type":"section"},{"Title":"Common Code Documentation","Nodes":[{"Title":"ApiResponse","Nodes":[{"Text":"An interface for the result of an API call.","Type":"paragraph"},{"Level":1,"Text":"Properties","SuggestedLinkText":"Properties","SuggestedLink":"Properties","SuggestedLinkLevel":0,"LinkLabel":null,"HideFromNavigation":false,"Type":"heading"},{"Header":{"Data":["Name","Type","Description"],"Type":"tablerow"},"Rows":[{"Data":["request","HttpRequest","Original request that resulted in this response."],"Type":"tablerow"},{"Data":["statusCode","number","Response status codee."],"Type":"tablerow"},{"Data":["headers","Record<string, string>","Response headers."],"Type":"tablerow"},{"Data":["result","T","Response data."],"Type":"tablerow"},{"Data":["body","string | Blob | NodeJS.ReadableStream","Original body from the response."],"Type":"tablerow"}],"Type":"table"}],"PlaceholderId":null,"SuggestedLinkText":"ApiResponse","SuggestedLink":"$h/__common_code_documentation/ApiResponse","SuggestedLinkLevel":2,"LinkLabel":null,"HideFromNavigation":false,"Type":"section"},{"Title":"ApiError","Nodes":[{"Text":"Thrown when the HTTP status code is not okay.\n\nThe ApiError extends the ApiResponse interface, so all ApiResponse properties are available.","Type":"paragraph"},{"Level":1,"Text":"Properties","SuggestedLinkText":"Properties","SuggestedLink":"Properties","SuggestedLinkLevel":0,"LinkLabel":null,"HideFromNavigation":false,"Type":"heading"},{"Header":{"Data":["Name","Type","Description"],"Type":"tablerow"},"Rows":[{"Data":["request","HttpRequest","Original request that resulted in this response."],"Type":"tablerow"},{"Data":["statusCode","number","Response status codee."],"Type":"tablerow"},{"Data":["headers","Record<string, string>","Response headers."],"Type":"tablerow"},{"Data":["result","T","Response data."],"Type":"tablerow"},{"Data":["body","string | Blob | NodeJS.ReadableStream","Original body from the response."],"Type":"tablerow"}],"Type":"table"}],"PlaceholderId":null,"SuggestedLinkText":"ApiError","SuggestedLink":"$h/__common_code_documentation/ApiError","SuggestedLinkLevel":2,"LinkLabel":null,"HideFromNavigation":false,"Type":"section"}],"PlaceholderId":"__common_code_documentation","SuggestedLinkText":"Common Code Documentation","SuggestedLink":"$h/__common_code_documentation","SuggestedLinkLevel":1,"LinkLabel":null,"HideFromNavigation":true,"Type":"section"}],"Type":"document"}