{"WhiteLabel":false,"NavItems":[{"Text":"Getting Started","Link":"$h/__getting_started","SubItems":[{"Text":"Introduction","Link":"$h/__intro","SubItems":[],"Label":null,"Skip":true,"IsExternal":false},{"Text":"Install the Package","Link":"$h/__how_to_install","SubItems":[],"Label":null,"Skip":true,"IsExternal":false},{"Text":"Building","Link":"$h/__how_to_build","SubItems":[],"Label":null,"Skip":true,"IsExternal":false},{"Text":"Installation","Link":"$h/__how_to_use","SubItems":[],"Label":null,"Skip":true,"IsExternal":false},{"Text":"Environments","Link":"$h/__enviroments","SubItems":[],"Label":null,"Skip":true,"IsExternal":false},{"Text":"Initialize the API Client","Link":"$h/__initializing","SubItems":[],"Label":null,"Skip":true,"IsExternal":false},{"Text":"Authorization","Link":"$h/__authorize","SubItems":[],"Label":null,"Skip":true,"IsExternal":false},{"Text":"Client Credentials Grant","Link":"$h/__client_credentials_grant","SubItems":[],"Label":null,"Skip":true,"IsExternal":false},{"Text":"Authorization Code Grant","Link":"$h/__authorization_code_grant","SubItems":[],"Label":null,"Skip":true,"IsExternal":false},{"Text":"Resource Owner Password Grant","Link":"$h/__resource_owner_password_grant","SubItems":[],"Label":null,"Skip":true,"IsExternal":false},{"Text":"Implicit Grant","Link":"$h/__implicit_grant","SubItems":[],"Label":null,"Skip":true,"IsExternal":false},{"Text":"Test the SDK","Link":"$h/__how_to_test","SubItems":[],"Label":null,"Skip":true,"IsExternal":false},{"Text":"API Errors","Link":"$h/__api_errors","SubItems":[],"Label":null,"Skip":true,"IsExternal":false}],"Label":null,"Skip":false,"IsExternal":false},{"Text":"Client Class Documentation","Link":"$h/__client_documentation","SubItems":[{"Text":"APIMATIC CalculatorClient Class","Link":"$h/__client_documentation/APIMATIC%20CalculatorClient%20Class","SubItems":[{"Text":"Controllers","Link":"Controllers","SubItems":[],"Label":null,"Skip":false,"IsExternal":false},{"Text":"Properties","Link":"Properties","SubItems":[],"Label":null,"Skip":false,"IsExternal":false},{"Text":"Methods","Link":"Methods","SubItems":[],"Label":null,"Skip":false,"IsExternal":false}],"Label":null,"Skip":false,"IsExternal":false},{"Text":"APIMATIC CalculatorClient Builder Class","Link":"$h/__client_documentation/APIMATIC%20CalculatorClient%20Builder%20Class","SubItems":[{"Text":"Methods","Link":"Methods","SubItems":[],"Label":null,"Skip":false,"IsExternal":false}],"Label":null,"Skip":false,"IsExternal":false}],"Label":null,"Skip":true,"IsExternal":false},{"Text":"API Reference","Link":"$h/__api_reference","SubItems":[{"Text":"List of APIs","Link":"$h/__list_of_apis","SubItems":[],"Label":null,"Skip":false,"IsExternal":false},{"Text":"Simple Calculator","Link":"$e/Simple%20Calculator","SubItems":[{"Text":"Overview","Link":"$h/__api_reference/Simple%20Calculator/Overview","SubItems":[{"Text":"Get instance","Link":"$h/__api_reference/Simple%20Calculator/Overview/Get%20instance","SubItems":[],"Label":null,"Skip":true,"IsExternal":false}],"Label":"endpoint-group-overview","Skip":false,"IsExternal":false},{"Text":"Get Calculate","Link":"$e/Simple%20Calculator/Calculate","SubItems":[],"Label":null,"Skip":false,"IsExternal":false}],"Label":null,"Skip":false,"IsExternal":false}],"Label":null,"Skip":false,"IsExternal":false},{"Text":"Model Reference","Link":"$h/__model_reference","SubItems":[{"Text":"Enumerations","Link":"$h/__model_reference/Enumerations","SubItems":[{"Text":"Operation Type","Link":"$m/Operation%20Type","SubItems":[],"Label":null,"Skip":false,"IsExternal":false}],"Label":null,"Skip":false,"IsExternal":false}],"Label":null,"Skip":false,"IsExternal":false},{"Text":"Utility Classes Documentation","Link":"$h/__utilities_documentation","SubItems":[{"Text":"ApiHelper Class","Link":"$h/__utilities_documentation/ApiHelper%20Class","SubItems":[{"Text":"Properties","Link":"Properties","SubItems":[],"Label":null,"Skip":false,"IsExternal":false},{"Text":"Methods","Link":"Methods","SubItems":[],"Label":null,"Skip":false,"IsExternal":false}],"Label":null,"Skip":false,"IsExternal":false}],"Label":null,"Skip":true,"IsExternal":false},{"Text":"Common Code Documentation","Link":"$h/__common_code_documentation","SubItems":[{"Text":"HttpRequest Class","Link":"$h/__common_code_documentation/HttpRequest%20Class","SubItems":[{"Text":"Properties","Link":"Properties","SubItems":[],"Label":null,"Skip":false,"IsExternal":false},{"Text":"Constructors","Link":"Constructors","SubItems":[],"Label":null,"Skip":false,"IsExternal":false},{"Text":"Methods","Link":"Methods","SubItems":[],"Label":null,"Skip":false,"IsExternal":false}],"Label":null,"Skip":false,"IsExternal":false},{"Text":"HttpResponse Class","Link":"$h/__common_code_documentation/HttpResponse%20Class","SubItems":[{"Text":"Properties","Link":"Properties","SubItems":[],"Label":null,"Skip":false,"IsExternal":false},{"Text":"Constructors","Link":"Constructors","SubItems":[],"Label":null,"Skip":false,"IsExternal":false}],"Label":null,"Skip":false,"IsExternal":false},{"Text":"HttpStringResponse Class","Link":"$h/__common_code_documentation/HttpStringResponse%20Class","SubItems":[{"Text":"Properties","Link":"Properties","SubItems":[],"Label":null,"Skip":false,"IsExternal":false},{"Text":"Constructors","Link":"Constructors","SubItems":[],"Label":null,"Skip":false,"IsExternal":false}],"Label":null,"Skip":false,"IsExternal":false},{"Text":"HttpContext Class","Link":"$h/__common_code_documentation/HttpContext%20Class","SubItems":[{"Text":"Properties","Link":"Properties","SubItems":[],"Label":null,"Skip":false,"IsExternal":false},{"Text":"Constructors","Link":"Constructors","SubItems":[],"Label":null,"Skip":false,"IsExternal":false}],"Label":null,"Skip":false,"IsExternal":false},{"Text":"HttpClientConfiguration Class","Link":"$h/__common_code_documentation/HttpClientConfiguration%20Class","SubItems":[{"Text":"Properties","Link":"Properties","SubItems":[],"Label":null,"Skip":false,"IsExternal":false},{"Text":"Methods","Link":"Methods","SubItems":[],"Label":null,"Skip":false,"IsExternal":false}],"Label":null,"Skip":false,"IsExternal":false},{"Text":"HttpClientConfiguration Builder Class","Link":"$h/__common_code_documentation/HttpClientConfiguration%20Builder%20Class","SubItems":[{"Text":"Methods","Link":"Methods","SubItems":[],"Label":null,"Skip":false,"IsExternal":false}],"Label":null,"Skip":false,"IsExternal":false},{"Text":"IAuthManager Class","Link":"$h/__common_code_documentation/IAuthManager%20Class","SubItems":[{"Text":"Methods","Link":"Methods","SubItems":[],"Label":null,"Skip":false,"IsExternal":false}],"Label":null,"Skip":false,"IsExternal":false},{"Text":"ApiException Class","Link":"$h/__common_code_documentation/ApiException%20Class","SubItems":[{"Text":"Properties","Link":"Properties","SubItems":[],"Label":null,"Skip":false,"IsExternal":false},{"Text":"Constructors","Link":"Constructors","SubItems":[],"Label":null,"Skip":false,"IsExternal":false}],"Label":null,"Skip":false,"IsExternal":false}],"Label":null,"Skip":true,"IsExternal":false}],"DataModel":{"showFullCode":false,"skipSslCertVerification":null,"config":{},"environment":"production","auth":null,"call":{"additionalQueryParams":null,"additionalFieldParams":null,"args":{}}},"DataModelSchema":{"type":"object","additionalProperties":false,"properties":{"showFullCode":{"title":"Show Complete File","description":"Show complete file for code, with bootstrap and error handling included.","type":"boolean"},"environment":{"title":"Environment","description":"Select an API environment","type":"string","default":"production","enum":["production"]}},"required":["showFullCode","environment"]},"PublishedPackage":null,"AuthHttpCallTemplate":null,"ApiAuthentication":null,"KnownLinkPrefixes":["page"],"Title":"Getting Started with APIMATIC Calculator","Sections":[{"Title":"Getting Started","Nodes":[{"Title":"Introduction","Nodes":[{"Text":"Simple calculator API hosted on APIMATIC\n\n","Type":"paragraph"}],"PlaceholderId":"__intro","SuggestedLinkText":"Introduction","SuggestedLink":"$h/__intro","SuggestedLinkLevel":2,"LinkLabel":null,"HideFromNavigation":true,"Type":"section"},{"Title":"Install the Package","Nodes":[],"PlaceholderId":"__how_to_install","SuggestedLinkText":"Install the Package","SuggestedLink":"$h/__how_to_install","SuggestedLinkLevel":2,"LinkLabel":null,"HideFromNavigation":true,"Type":"section"},{"Title":"Building","Nodes":[{"Text":"The generated code uses the Newtonsoft Json.NET NuGet Package. If the automatic NuGet package restore is enabled, these dependencies will be installed automatically. Therefore, you will need internet access for build.","Type":"paragraph"},{"Text":"* Open the solution (APIMATICCalculator.sln) file.","Type":"paragraph"},{"Text":"Invoke the build process using Ctrl + Shift + B shortcut key or using the Build menu as shown below.","Type":"paragraph"},{"Text":"The build process generates a portable class library, which can be used like a normal class library. The generated library is compatible with Windows Forms, Windows RT, Windows Phone 8, Silverlight 5, Xamarin iOS, Xamarin Android and Mono. More information on how to use can be found at the MSDN Portable Class Libraries documentation.","Type":"paragraph"}],"PlaceholderId":"__how_to_build","SuggestedLinkText":"Building","SuggestedLink":"$h/__how_to_build","SuggestedLinkLevel":2,"LinkLabel":null,"HideFromNavigation":true,"Type":"section"},{"Title":"Installation","Nodes":[{"Text":"The following section explains how to use the APIMATICCalculator.Standard library in a new project.","Type":"paragraph"},{"Steps":[{"Nodes":[{"Text":"For starting a new project, right click on the current solution from the solution explorer and choose `Add -> New Project`.","Type":"paragraph"},{"Url":"/static/images/CS_NET_STANDARD_LIB/file0.svg","AlterateText":"Add a new project in Visual Studio","Type":"image"},{"Text":"Next, choose `Console Application`, provide `TestConsoleProject` as the project name and click OK.","Type":"paragraph"},{"Url":"/static/images/CS_NET_STANDARD_LIB/file1.svg","AlterateText":"Create a new Console Application in Visual Studio","Type":"image"}],"Title":"Starting a new project","Type":"step"},{"Nodes":[{"Text":"The new console project is the entry point for the eventual execution. This requires us to set the `TestConsoleProject` as the start-up project. To do this, right-click on the `TestConsoleProject` and choose `Set as StartUp Project` form the context menu.","Type":"paragraph"},{"Url":"/static/images/CS_NET_STANDARD_LIB/file2.svg","AlterateText":"Adding a project reference","Type":"image"}],"Title":"Set as startup project","Type":"step"},{"Nodes":[{"Text":"In order to use the Tester library in the new project, first we must add a project reference to the `TestConsoleProject`. First, right click on the `References` node in the solution explorer and click `Add Reference...`","Type":"paragraph"},{"Url":"/static/images/CS_NET_STANDARD_LIB/file3.svg","AlterateText":"Adding a project reference","Type":"image"},{"Text":"Next, a window will be displayed where we must set the `checkbox` on `Tester.Tests` and click `OK`. By doing this, we have added a reference of the `Tester.Tests` project into the new `TestConsoleProject`.","Type":"paragraph"},{"Url":"/static/images/CS_NET_STANDARD_LIB/file4.svg","AlterateText":"Creating a project reference","Type":"image"}],"Title":"Add reference of the library project","Type":"step"},{"Nodes":[{"Text":"Once the `TestConsoleProject` is created, a file named `Program.cs` will be visible in the solution explorer with an empty `Main` method. This is the entry point for the execution of the entire solution. Here, you can add code to initialize the client library and acquire the instance of a Controller class. Sample code to initialize the client library and using Controller methods is given in the subsequent sections.","Type":"paragraph"},{"Url":"/static/images/CS_NET_STANDARD_LIB/file5.svg","AlterateText":"Adding a project reference","Type":"image"}],"Title":"Write sample code","Type":"step"}],"Type":"steppedguide"}],"PlaceholderId":"__how_to_use","SuggestedLinkText":"Installation","SuggestedLink":"$h/__how_to_use","SuggestedLinkLevel":2,"LinkLabel":null,"HideFromNavigation":true,"Type":"section"},{"Title":"Environments","Nodes":[],"PlaceholderId":"__enviroments","SuggestedLinkText":"Environments","SuggestedLink":"$h/__enviroments","SuggestedLinkLevel":2,"LinkLabel":null,"HideFromNavigation":true,"Type":"section"},{"Title":"Initialize the API Client","Nodes":[{"Text":"The following parameters are configurable for the API Client:","Type":"paragraph"},{"Header":{"Data":["Parameter","Type","Description"],"Type":"tablerow"},"Rows":[{"Data":["`Environment`","Environment","The API environment. <br> **Default: `Environment.Production`**"],"Type":"tablerow"},{"Data":["`Timeout`","`TimeSpan`","Http client timeout.<br>*Default*: `TimeSpan.FromSeconds(100)`"],"Type":"tablerow"}],"Type":"table"},{"Text":"The API client can be initialized as follows:","Type":"paragraph"},{"Text":"APIMATICCalculator.Standard.APIMATICCalculatorClient client = new APIMATICCalculator.Standard.APIMATICCalculatorClient.Builder()\n    .Environment(APIMATICCalculator.Standard.Environment.Production)\n    .HttpClientConfig(config => config.NumberOfRetries(0))\n    .Build();\r\n","Language":"csharp","Type":"codeblock"},{"Text":"Parameters for retries can be configured through the HttpClientConfiguration in the API Client:","Type":"paragraph"},{"Header":{"Data":["Parameters","Type","Description"],"Type":"tablerow"},"Rows":[{"Data":["`Timeout`","`TimeSpan`","Http client timeout.<br>*Default*: `100`"],"Type":"tablerow"},{"Data":["`NumberOfRetries`","`int`","Number of times the request is retried.<br>*Default*: `0`"],"Type":"tablerow"},{"Data":["`BackoffFactor`","`int`","Exponential backoff factor for duration between retry calls.<br>*Default*: `2`"],"Type":"tablerow"},{"Data":["`RetryInterval`","`double`","The time interval between the endpoint calls.<br>*Default*: `1`"],"Type":"tablerow"},{"Data":["`MaximumRetryWaitTime`","`TimeSpan`","The maximum retry wait time.<br>*Default*: `0`"],"Type":"tablerow"},{"Data":["`StatusCodesToRetry`","`IList<int>`","List of Http status codes to invoke retry.<br>*Default*: `408, 413, 429, 500, 502, 503, 504, 521, 522, 524, 408, 413, 429, 500, 502, 503, 504, 521, 522, 524`"],"Type":"tablerow"},{"Data":["`RequestMethodsToRetry`","`IList<HttpMethod>`","List of Http request methods to invoke retry.<br>*Default*: `\"GET\", \"PUT\", \"GET\", \"PUT\"`"],"Type":"tablerow"}],"Type":"table"}],"PlaceholderId":"__initializing","SuggestedLinkText":"Initialize the API Client","SuggestedLink":"$h/__initializing","SuggestedLinkLevel":2,"LinkLabel":null,"HideFromNavigation":true,"Type":"section"},{"Title":"Authorization","Nodes":[],"PlaceholderId":"__authorize","SuggestedLinkText":"Authorization","SuggestedLink":"$h/__authorize","SuggestedLinkLevel":2,"LinkLabel":null,"HideFromNavigation":true,"Type":"section"},{"Title":"Client Credentials Grant","Nodes":[],"PlaceholderId":"__client_credentials_grant","SuggestedLinkText":"Client Credentials Grant","SuggestedLink":"$h/__client_credentials_grant","SuggestedLinkLevel":2,"LinkLabel":null,"HideFromNavigation":true,"Type":"section"},{"Title":"Authorization Code Grant","Nodes":[],"PlaceholderId":"__authorization_code_grant","SuggestedLinkText":"Authorization Code Grant","SuggestedLink":"$h/__authorization_code_grant","SuggestedLinkLevel":2,"LinkLabel":null,"HideFromNavigation":true,"Type":"section"},{"Title":"Resource Owner Password Grant","Nodes":[],"PlaceholderId":"__resource_owner_password_grant","SuggestedLinkText":"Resource Owner Password Grant","SuggestedLink":"$h/__resource_owner_password_grant","SuggestedLinkLevel":2,"LinkLabel":null,"HideFromNavigation":true,"Type":"section"},{"Title":"Implicit Grant","Nodes":[],"PlaceholderId":"__implicit_grant","SuggestedLinkText":"Implicit Grant","SuggestedLink":"$h/__implicit_grant","SuggestedLinkLevel":2,"LinkLabel":null,"HideFromNavigation":true,"Type":"section"},{"Title":"Test the SDK","Nodes":[{"Text":"The generated SDK also contain one or more Tests, which are contained in the Tests project. In order to invoke these test cases, you will need `NUnit 3.0 Test Adapter Extension` for Visual Studio. Once the SDK is complied, the test cases should appear in the Test Explorer window. Here, you can click `Run All` to execute these test cases.","Type":"paragraph"}],"PlaceholderId":"__how_to_test","SuggestedLinkText":"Test the SDK","SuggestedLink":"$h/__how_to_test","SuggestedLinkLevel":2,"LinkLabel":null,"HideFromNavigation":true,"Type":"section"},{"Title":"API Errors","Nodes":[],"PlaceholderId":"__api_errors","SuggestedLinkText":"API Errors","SuggestedLink":"$h/__api_errors","SuggestedLinkLevel":2,"LinkLabel":null,"HideFromNavigation":true,"Type":"section"}],"PlaceholderId":"__getting_started","SuggestedLinkText":"Getting Started","SuggestedLink":"$h/__getting_started","SuggestedLinkLevel":1,"LinkLabel":null,"HideFromNavigation":false,"Type":"section"},{"Title":"Client Class Documentation","Nodes":[{"Title":"APIMATIC CalculatorClient Class","Nodes":[{"Text":" The gateway for the SDK. This class acts as a factory for the Controllers and also holds the configuration of the SDK.","Type":"paragraph"},{"Level":1,"Text":"Controllers","SuggestedLinkText":"Controllers","SuggestedLink":"Controllers","SuggestedLinkLevel":0,"LinkLabel":null,"HideFromNavigation":false,"Type":"heading"},{"Header":{"Data":["Name","Description"],"Type":"tablerow"},"Rows":[{"Data":["SimpleCalculatorController","Gets SimpleCalculatorController controller."],"Type":"tablerow"}],"Type":"table"},{"Level":1,"Text":"Properties","SuggestedLinkText":"Properties","SuggestedLink":"Properties","SuggestedLinkLevel":0,"LinkLabel":null,"HideFromNavigation":false,"Type":"heading"},{"Header":{"Data":["Name","Description","Type"],"Type":"tablerow"},"Rows":[{"Data":["HttpClientConfiguration","Gets the configuration of the Http Client associated with this client.","```IHttpClientConfiguration```"],"Type":"tablerow"},{"Data":["Timeout","Http client timeout.","```TimeSpan```"],"Type":"tablerow"},{"Data":["Environment","Current API environment.","```Environment```"],"Type":"tablerow"}],"Type":"table"},{"Level":1,"Text":"Methods","SuggestedLinkText":"Methods","SuggestedLink":"Methods","SuggestedLinkLevel":0,"LinkLabel":null,"HideFromNavigation":false,"Type":"heading"},{"Header":{"Data":["Name","Description","Return Type"],"Type":"tablerow"},"Rows":[{"Data":["```GetBaseUri(Server alias = Server.Calculator)```","Gets the URL for a particular alias in the current environment and appends it with template parameters.","```string```"],"Type":"tablerow"},{"Data":["```ToBuilder()```","Creates an object of the APIMATIC CalculatorClient using the values provided for the builder.","```Builder```"],"Type":"tablerow"}],"Type":"table"}],"PlaceholderId":null,"SuggestedLinkText":"APIMATIC CalculatorClient Class","SuggestedLink":"$h/__client_documentation/APIMATIC%20CalculatorClient%20Class","SuggestedLinkLevel":2,"LinkLabel":null,"HideFromNavigation":false,"Type":"section"},{"Title":"APIMATIC CalculatorClient Builder Class","Nodes":[{"Text":"Class to build instances of APIMATIC CalculatorClient.","Type":"paragraph"},{"Level":1,"Text":"Methods","SuggestedLinkText":"Methods","SuggestedLink":"Methods","SuggestedLinkLevel":0,"LinkLabel":null,"HideFromNavigation":false,"Type":"heading"},{"Header":{"Data":["Name","Description","Return Type"],"Type":"tablerow"},"Rows":[{"Data":["```HttpClientConfiguration(Action<HttpClientConfiguration.Builder> action)```","Gets the configuration of the Http Client associated with this client.","```Builder```"],"Type":"tablerow"},{"Data":["```Timeout(TimeSpan timeout)```","Http client timeout.","```Builder```"],"Type":"tablerow"},{"Data":["```Environment(Environment environment)```","Current API environment.","```Builder```"],"Type":"tablerow"}],"Type":"table"}],"PlaceholderId":null,"SuggestedLinkText":"APIMATIC CalculatorClient Builder Class","SuggestedLink":"$h/__client_documentation/APIMATIC%20CalculatorClient%20Builder%20Class","SuggestedLinkLevel":2,"LinkLabel":null,"HideFromNavigation":false,"Type":"section"}],"PlaceholderId":"__client_documentation","SuggestedLinkText":"Client Class Documentation","SuggestedLink":"$h/__client_documentation","SuggestedLinkLevel":1,"LinkLabel":null,"HideFromNavigation":true,"Type":"section"},{"Title":"API Reference","Nodes":[{"Title":"List of APIs","Nodes":[{"Text":"* [Simple Calculator]($e/Simple%20Calculator)","Type":"paragraph"}],"PlaceholderId":null,"SuggestedLinkText":"List of APIs","SuggestedLink":"$h/__list_of_apis","SuggestedLinkLevel":2,"LinkLabel":null,"HideFromNavigation":false,"Type":"section"},{"Title":"Simple Calculator","Nodes":[{"Title":"Overview","Nodes":[{"Title":"Get instance","Nodes":[{"Text":"An instance of the `SimpleCalculatorController` class can be accessed from the API Client.","Type":"paragraph"},{"Text":"SimpleCalculatorController simpleCalculatorController = client.SimpleCalculatorController;","Language":null,"Type":"codeblock"}],"PlaceholderId":null,"SuggestedLinkText":"Get instance","SuggestedLink":"$h/__api_reference/Simple%20Calculator/Overview/Get%20instance","SuggestedLinkLevel":4,"LinkLabel":null,"HideFromNavigation":true,"Type":"section"}],"PlaceholderId":null,"SuggestedLinkText":"Overview","SuggestedLink":"$h/__api_reference/Simple%20Calculator/Overview","SuggestedLinkLevel":3,"LinkLabel":"endpoint-group-overview","HideFromNavigation":false,"Type":"section"},{"Title":"Get Calculate","Nodes":[{"Title":"Get Calculate","Name":"GetCalculate","Description":"Calculates the expression using the specified operation.\n\r\n","ReturnType":"Task<double>","ReturnTypeLink":null,"ResponseText":"","ReturnTypeExample":null,"RequiresAuthentication":false,"MethodSignature":{"Text":"GetCalculateAsync(\r\n    Models.GetCalculateInput input)","Language":"csharp","Type":"codeblock"},"Parameters":[{"Name":"operation","GenericName":"operation","DataType":"Models.OperationTypeEnum","Description":"The operator to apply on the variables","Required":true,"LinkTo":"$m/Operation%20Type","Constant":false,"ParamType":"Template","DataTypeMarkdown":null,"ContainerTypes":null,"TypeCombinatorTypes":null,"Getter":null,"Setter":null,"Type":"paraminfo"},{"Name":"x","GenericName":"x","DataType":"double","Description":"The LHS value","Required":true,"LinkTo":"","Constant":false,"ParamType":"Query","DataTypeMarkdown":null,"ContainerTypes":null,"TypeCombinatorTypes":null,"Getter":null,"Setter":null,"Type":"paraminfo"},{"Name":"y","GenericName":"y","DataType":"double","Description":"The RHS value","Required":true,"LinkTo":"","Constant":false,"ParamType":"Query","DataTypeMarkdown":null,"ContainerTypes":null,"TypeCombinatorTypes":null,"Getter":null,"Setter":null,"Type":"paraminfo"}],"Scopes":[],"Errors":[],"StaticUsageExample":null,"UsageExample":{"EndpointGroupName":"Simple Calculator","EndpointName":"Calculate","Index":0,"CallModel":{"additionalQueryParams":null,"additionalFieldParams":null,"args":{"operation":"MULTIPLY","x":222.14,"y":165.14}},"CallModelSchema":{"title":"Endpoint Arguments","type":"object","additionalProperties":false,"properties":{"args":{"id":"endpoint_7C26ABBCDB1F9","title":"endpoint_7C26ABBCDB1F9","type":"object","properties":{"operation":{"title":"Operation Type","description":"The operator to apply on the variables","x-enum-elements":[{"name":"SUM","description":"Represents the sum operator"},{"name":"SUBTRACT","description":"Represents the subtract operator"},{"name":"MULTIPLY","description":"Represents the multiply operator"},{"name":"DIVIDE","description":"Represents the divide operator"}],"type":"string","enum":["SUM","SUBTRACT","MULTIPLY","DIVIDE"]},"x":{"description":"The LHS value","type":"number"},"y":{"description":"The RHS value","type":"number"}},"required":["operation","x","y"]}},"required":["args"]},"HttpCallTemplate":"{\"method\":\"GET\",\"url\":\"{% case environment %}{% when \"production\" %}https://examples.apimatic.io/apps/calculator{% else %}envrr{% endcase %}/{{ call[\"args\"][\"operation\"] }}{% capture inline_query_capture_876234 %}&x={% if call[\"args\"][\"x\"] != nil %}{{ call[\"args\"][\"x\"] }}{% else %}null{% endif %}&y={% if call[\"args\"][\"y\"] != nil %}{{ call[\"args\"][\"y\"] }}{% else %}null{% endif %}{% endcapture %}{% if inline_query_capture_876234.size > 0 %}?{% endif %}{{ inline_query_capture_876234 | remove_first:'&' }}\",\"headers\":{% capture header_capture_9023987234 %}{% endcapture %}{{ '{' }}{{ header_capture_9023987234 | remove_first:',' }}},\"body\":{{ '{' }}\"type\":\"none\"}}","Templates":{"CS_NET_STANDARD_LIB":"{% if showFullCode %}using System;\r\nusing System.IO;\r\nusing System.Collections.Generic;\r\nusing System.Globalization;\r\nusing System.Threading.Tasks;\r\n\r\nusing APIMATICCalculator.Standard;\r\nusing APIMATICCalculator.Standard.Models;\r\nusing APIMATICCalculator.Standard.Controllers;\r\nusing APIMATICCalculator.Standard.Utilities;\r\nusing APIMATICCalculator.Standard.Exceptions;\r\n\r\nnamespace Testing\n{\n    class Program\n    {\n        static async Task Main(string[] args)\n        {\r\n{% if showFullCode %}            {% endif %}{% if showFullCode != true %}APIMATICCalculator.Standard.{% endif %}APIMATICCalculatorClient client = new {% if showFullCode != true %}APIMATICCalculator.Standard.{% endif %}APIMATICCalculatorClient.Builder(){% if environment != \"production\" or showFullCode == false %}\n{% if showFullCode %}            {% endif %}    .Environment(APIMATICCalculator.Standard.{% case environment %}{% when \"production\" %}Environment.Production{% else %}envrr{% endcase %}){% endif %}\n{% if showFullCode %}            {% endif %}    .HttpClientConfig(config => config.NumberOfRetries(0))\n{% if showFullCode %}            {% endif %}    .Build();\r\n{% if showFullCode %}            {% endif %}SimpleCalculatorController simpleCalculatorController = client.SimpleCalculatorController;\r\n{% if showFullCode %}            {% endif %}\r\n{% endif %}{% if showFullCode %}            {% endif %}var getCalculateInput = new GetCalculateInput();\n{% if showFullCode %}            {% endif %}\r\n{% if showFullCode %}            {% endif %}getCalculateInput.Operation = {% case call[\"args\"][\"operation\"] %}{% when \"SUM\" %}OperationTypeEnum.SUM{% when \"SUBTRACT\" %}OperationTypeEnum.SUBTRACT{% when \"MULTIPLY\" %}OperationTypeEnum.MULTIPLY{% when \"DIVIDE\" %}OperationTypeEnum.DIVIDE{% when nil %}null{% else %}envrr{% endcase %};\n{% if showFullCode %}            {% endif %}getCalculateInput.X = {% if call[\"args\"][\"x\"] != nil %}{{ call[\"args\"][\"x\"] }}{% else %}null{% endif %};\n{% if showFullCode %}            {% endif %}getCalculateInput.Y = {% if call[\"args\"][\"y\"] != nil %}{{ call[\"args\"][\"y\"] }}{% else %}null{% endif %};\n{% if showFullCode %}            {% endif %}\r\n{% if showFullCode %}            {% endif %}try\n{% if showFullCode %}            {% endif %}{\n{% if showFullCode %}            {% endif %}    double? result = await simpleCalculatorController.GetCalculateAsync({% if call[\"args\"] == nil %}null{% else %}getCalculateInput{% endif %});\n{% if showFullCode %}            {% endif %}}\n{% if showFullCode %}            {% endif %}catch (ApiException e){};{% if showFullCode %}\n        }\n    }\n}{% endif %}\r\n"},"Type":"compilablecodeblock"},"Response":null,"ServerName":null,"Id":null,"Type":"endpointreference"}],"PlaceholderId":null,"SuggestedLinkText":"Get Calculate","SuggestedLink":"$e/Simple%20Calculator/Calculate","SuggestedLinkLevel":3,"LinkLabel":null,"HideFromNavigation":false,"Type":"section"}],"PlaceholderId":null,"SuggestedLinkText":"Simple Calculator","SuggestedLink":"$e/Simple%20Calculator","SuggestedLinkLevel":2,"LinkLabel":null,"HideFromNavigation":false,"Type":"section"}],"PlaceholderId":"__api_reference","SuggestedLinkText":"API Reference","SuggestedLink":"$h/__api_reference","SuggestedLinkLevel":1,"LinkLabel":null,"HideFromNavigation":false,"Type":"section"},{"Title":"Model Reference","Nodes":[{"Title":"Enumerations","Nodes":[{"Text":"* [Operation Type]($m/Operation%20Type)","Type":"paragraph"},{"Title":"Operation Type","Nodes":[{"Elements":[{"Key":"SUM","Value":"Represents the sum operator"},{"Key":"SUBTRACT","Value":"Represents the subtract operator"},{"Key":"MULTIPLY","Value":"Represents the multiply operator"},{"Key":"DIVIDE","Value":"Represents the divide operator"}],"Title":"Operation Type","Name":"OperationTypeEnum","OriginalName":"Operation Type","Description":"Possible operators are sum, subtract, multiply, divide","BaseClass":null,"BaseClassLink":null,"StructureType":"Enum Type Name","ContainedTypesName":"Enum Members","Example":null,"Id":null,"Type":"enumreference"}],"PlaceholderId":null,"SuggestedLinkText":"Operation Type","SuggestedLink":"$m/Operation%20Type","SuggestedLinkLevel":3,"LinkLabel":null,"HideFromNavigation":false,"Type":"section"}],"PlaceholderId":null,"SuggestedLinkText":"Enumerations","SuggestedLink":"$h/__model_reference/Enumerations","SuggestedLinkLevel":2,"LinkLabel":null,"HideFromNavigation":false,"Type":"section"}],"PlaceholderId":"__model_reference","SuggestedLinkText":"Model Reference","SuggestedLink":"$h/__model_reference","SuggestedLinkLevel":1,"LinkLabel":null,"HideFromNavigation":false,"Type":"section"},{"Title":"Utility Classes Documentation","Nodes":[{"Title":"ApiHelper Class","Nodes":[{"Text":"HttpRequest stores necessary information about the http request.","Type":"paragraph"},{"Level":1,"Text":"Properties","SuggestedLinkText":"Properties","SuggestedLink":"Properties","SuggestedLinkLevel":0,"LinkLabel":null,"HideFromNavigation":false,"Type":"heading"},{"Header":{"Data":["Name","Description","Type"],"Type":"tablerow"},"Rows":[{"Data":["HttpMethod","The HTTP verb to use for this request.","```HttpMethod```"],"Type":"tablerow"},{"Data":["QueryUrl","The query url for the http request.","```string```"],"Type":"tablerow"},{"Data":["QueryParameters","Query parameters collection for the current http request.","```Dictionary<string, object>```"],"Type":"tablerow"},{"Data":["Headers","Headers collection for the current http request.","```Dictionary<string, string>```"],"Type":"tablerow"},{"Data":["FormParameters","Form parameters for the current http request.","```List<KeyValuePair<string, object>>```"],"Type":"tablerow"},{"Data":["Body","Optional raw string to send as request body.","```object```"],"Type":"tablerow"},{"Data":["Username","Optional username for Basic Auth.","```string```"],"Type":"tablerow"},{"Data":["Password","Optional password for Basic Auth.","```string```"],"Type":"tablerow"}],"Type":"table"},{"Level":1,"Text":"Methods","SuggestedLinkText":"Methods","SuggestedLink":"Methods","SuggestedLinkLevel":0,"LinkLabel":null,"HideFromNavigation":false,"Type":"heading"},{"Header":{"Data":["Name","Description","Return Type"],"Type":"tablerow"},"Rows":[{"Data":["```DeepCloneObject<T>(T obj)```","Creates a deep clone of an object by serializing it into a json string and then deserializing back into an object.","```T```"],"Type":"tablerow"},{"Data":["```JsonSerialize(object obj, JsonConverter converter = null)```","JSON Serialization of a given object.","```string```"],"Type":"tablerow"},{"Data":["```JsonDeserialize<T>(string json, JsonConverter converter = null)```","JSON Deserialization of the given json string.","```T```"],"Type":"tablerow"}],"Type":"table"}],"PlaceholderId":null,"SuggestedLinkText":"ApiHelper Class","SuggestedLink":"$h/__utilities_documentation/ApiHelper%20Class","SuggestedLinkLevel":2,"LinkLabel":null,"HideFromNavigation":false,"Type":"section"}],"PlaceholderId":"__utilities_documentation","SuggestedLinkText":"Utility Classes Documentation","SuggestedLink":"$h/__utilities_documentation","SuggestedLinkLevel":1,"LinkLabel":null,"HideFromNavigation":true,"Type":"section"},{"Title":"Common Code Documentation","Nodes":[{"Title":"HttpRequest Class","Nodes":[{"Text":"HttpResponse stores necessary information about the http response.","Type":"paragraph"},{"Level":1,"Text":"Properties","SuggestedLinkText":"Properties","SuggestedLink":"Properties","SuggestedLinkLevel":0,"LinkLabel":null,"HideFromNavigation":false,"Type":"heading"},{"Header":{"Data":["Name","Description","Type"],"Type":"tablerow"},"Rows":[{"Data":["StatusCode","Gets the HTTP Status code of the http response.","```int```"],"Type":"tablerow"},{"Data":["Headers","Gets the headers of the http response.","```Dictionary<string, string>```"],"Type":"tablerow"},{"Data":["RawBody","Gets the stream of the body.","```Stream```"],"Type":"tablerow"}],"Type":"table"},{"Level":1,"Text":"Constructors","SuggestedLinkText":"Constructors","SuggestedLink":"Constructors","SuggestedLinkLevel":0,"LinkLabel":null,"HideFromNavigation":false,"Type":"heading"},{"Header":{"Data":["Name","Description"],"Type":"tablerow"},"Rows":[{"Data":["```HttpRequest(HttpMethod method, string queryUrl)```","Constructor to initialize the http request object."],"Type":"tablerow"},{"Data":["```HttpRequest(HttpMethod method, string queryUrl, Dictionary<string, string> headers, string username, string password, Dictionary<string, object> queryParameters = null)```","Constructor to initialize the http request with headers and optional Basic auth params."],"Type":"tablerow"},{"Data":["```HttpRequest(HttpMethod method, string queryUrl, Dictionary<string, string> headers, object body, string username, string password, Dictionary<string, object> queryParameters = null)```","Constructor to initialize the http request with headers, body and optional Basic auth params."],"Type":"tablerow"},{"Data":["```HttpRequest(HttpMethod method, string queryUrl, Dictionary<string, string> headers, List<KeyValuePair<string, Object>> formParameters, string username, string password, Dictionary<string, object> queryParameters = null)```","Constructor to initialize the http request with headers, form parameters and optional Basic auth params."],"Type":"tablerow"}],"Type":"table"},{"Level":1,"Text":"Methods","SuggestedLinkText":"Methods","SuggestedLink":"Methods","SuggestedLinkLevel":0,"LinkLabel":null,"HideFromNavigation":false,"Type":"heading"},{"Header":{"Data":["Name","Description","Return Type"],"Type":"tablerow"},"Rows":[{"Data":["```AddHeaders(Dictionary<string, string> HeadersToAdd)```","Concatenate values from a Dictionary to this object.","```Dictionary<string, string>```"],"Type":"tablerow"},{"Data":["```AddQueryParameters(Dictionary<string, object> queryParamaters)```","Concatenate values from a Dictionary to query parameters dictionary.","```void```"],"Type":"tablerow"}],"Type":"table"}],"PlaceholderId":null,"SuggestedLinkText":"HttpRequest Class","SuggestedLink":"$h/__common_code_documentation/HttpRequest%20Class","SuggestedLinkLevel":2,"LinkLabel":null,"HideFromNavigation":false,"Type":"section"},{"Title":"HttpResponse Class","Nodes":[{"Text":"HttpResponse stores necessary information about the http response.","Type":"paragraph"},{"Level":1,"Text":"Properties","SuggestedLinkText":"Properties","SuggestedLink":"Properties","SuggestedLinkLevel":0,"LinkLabel":null,"HideFromNavigation":false,"Type":"heading"},{"Header":{"Data":["Name","Description","Type"],"Type":"tablerow"},"Rows":[{"Data":["StatusCode","Gets the HTTP Status code of the http response.","```int```"],"Type":"tablerow"},{"Data":["Headers","Gets the headers of the http response.","```Dictionary<string, string>```"],"Type":"tablerow"},{"Data":["RawBody","Gets the stream of the body.","```Stream```"],"Type":"tablerow"}],"Type":"table"},{"Level":1,"Text":"Constructors","SuggestedLinkText":"Constructors","SuggestedLink":"Constructors","SuggestedLinkLevel":0,"LinkLabel":null,"HideFromNavigation":false,"Type":"heading"},{"Header":{"Data":["Name","Description"],"Type":"tablerow"},"Rows":[{"Data":["```HttpResponse(int statusCode, Dictionary<string, string> headers, Stream rawBody)```","Initializes a new instance of the <see cref=\"HttpResponse\"/> class."],"Type":"tablerow"}],"Type":"table"}],"PlaceholderId":null,"SuggestedLinkText":"HttpResponse Class","SuggestedLink":"$h/__common_code_documentation/HttpResponse%20Class","SuggestedLinkLevel":2,"LinkLabel":null,"HideFromNavigation":false,"Type":"section"},{"Title":"HttpStringResponse Class","Nodes":[{"Text":"HttpStringResponse inherits from HttpResponse and has additional property of string body.","Type":"paragraph"},{"Level":1,"Text":"Properties","SuggestedLinkText":"Properties","SuggestedLink":"Properties","SuggestedLinkLevel":0,"LinkLabel":null,"HideFromNavigation":false,"Type":"heading"},{"Header":{"Data":["Name","Description","Type"],"Type":"tablerow"},"Rows":[{"Data":["StatusCode","Gets the HTTP Status code of the http response.","```int```"],"Type":"tablerow"},{"Data":["Headers","Gets the headers of the http response.","```Dictionary<string, string>```"],"Type":"tablerow"},{"Data":["Body","Gets the raw string body of the http response.","```string```"],"Type":"tablerow"}],"Type":"table"},{"Level":1,"Text":"Constructors","SuggestedLinkText":"Constructors","SuggestedLink":"Constructors","SuggestedLinkLevel":0,"LinkLabel":null,"HideFromNavigation":false,"Type":"heading"},{"Header":{"Data":["Name","Description"],"Type":"tablerow"},"Rows":[{"Data":["```HttpStringResponse(int statusCode, Dictionary<string, string> headers, Stream rawBody, string body) : base(statusCode, headers, rawBody)```","Initializes a new instance of the <see cref=\"HttpStringResponse\"/> class."],"Type":"tablerow"}],"Type":"table"}],"PlaceholderId":null,"SuggestedLinkText":"HttpStringResponse Class","SuggestedLink":"$h/__common_code_documentation/HttpStringResponse%20Class","SuggestedLinkLevel":2,"LinkLabel":null,"HideFromNavigation":false,"Type":"section"},{"Title":"HttpContext Class","Nodes":[{"Text":"Represents the contextual information of HTTP request and response.","Type":"paragraph"},{"Level":1,"Text":"Properties","SuggestedLinkText":"Properties","SuggestedLink":"Properties","SuggestedLinkLevel":0,"LinkLabel":null,"HideFromNavigation":false,"Type":"heading"},{"Header":{"Data":["Name","Description","Type"],"Type":"tablerow"},"Rows":[{"Data":["Request","Gets the http request in the current context.","```HttpRequest```"],"Type":"tablerow"},{"Data":["Response","Gets the http response in the current context.","```HttpResponse```"],"Type":"tablerow"}],"Type":"table"},{"Level":1,"Text":"Constructors","SuggestedLinkText":"Constructors","SuggestedLink":"Constructors","SuggestedLinkLevel":0,"LinkLabel":null,"HideFromNavigation":false,"Type":"heading"},{"Header":{"Data":["Name","Description"],"Type":"tablerow"},"Rows":[{"Data":["```HttpContext(HttpRequest request, HttpResponse response)```","Initializes a new instance of the <see cref=\"HttpContext\"/> class."],"Type":"tablerow"}],"Type":"table"}],"PlaceholderId":null,"SuggestedLinkText":"HttpContext Class","SuggestedLink":"$h/__common_code_documentation/HttpContext%20Class","SuggestedLinkLevel":2,"LinkLabel":null,"HideFromNavigation":false,"Type":"section"},{"Title":"HttpClientConfiguration Class","Nodes":[{"Text":"HttpClientConfiguration represents the current state of the Http Client.","Type":"paragraph"},{"Level":1,"Text":"Properties","SuggestedLinkText":"Properties","SuggestedLink":"Properties","SuggestedLinkLevel":0,"LinkLabel":null,"HideFromNavigation":false,"Type":"heading"},{"Header":{"Data":["Name","Description","Type"],"Type":"tablerow"},"Rows":[{"Data":["Timeout","Http client timeout.","```TimeSpan```"],"Type":"tablerow"},{"Data":["NumberOfRetries","Number of times the request is retried.","```int```"],"Type":"tablerow"},{"Data":["BackoffFactor","Exponential backoff factor for duration between retry calls.","```int```"],"Type":"tablerow"},{"Data":["RetryInterval","The time interval between the endpoint calls.","```double```"],"Type":"tablerow"},{"Data":["MaximumRetryWaitTime","The maximum retry wait time.","```TimeSpan```"],"Type":"tablerow"},{"Data":["StatusCodesToRetry","List of Http status codes to invoke retry.","```IList<int>```"],"Type":"tablerow"},{"Data":["RequestMethodsToRetry","List of Http request methods to invoke retry.","```IList<HttpMethod>```"],"Type":"tablerow"},{"Data":["HttpClientInstance","HttpClient instance used to make the HTTP calls","```HttpClient```"],"Type":"tablerow"},{"Data":["OverrideHttpClientConfiguration","Boolean which allows the SDK to override http client instance's settings used for features like retries, timeouts etc.","```bool```"],"Type":"tablerow"}],"Type":"table"},{"Level":1,"Text":"Methods","SuggestedLinkText":"Methods","SuggestedLink":"Methods","SuggestedLinkLevel":0,"LinkLabel":null,"HideFromNavigation":false,"Type":"heading"},{"Header":{"Data":["Name","Description","Return Type"],"Type":"tablerow"},"Rows":[{"Data":["```ToBuilder()```","Creates an object of the HttpClientConfiguration using the values provided for the builder.","```Builder```"],"Type":"tablerow"}],"Type":"table"}],"PlaceholderId":null,"SuggestedLinkText":"HttpClientConfiguration Class","SuggestedLink":"$h/__common_code_documentation/HttpClientConfiguration%20Class","SuggestedLinkLevel":2,"LinkLabel":null,"HideFromNavigation":false,"Type":"section"},{"Title":"HttpClientConfiguration Builder Class","Nodes":[{"Text":"Class to build instances of HttpClientConfiguration.","Type":"paragraph"},{"Level":1,"Text":"Methods","SuggestedLinkText":"Methods","SuggestedLink":"Methods","SuggestedLinkLevel":0,"LinkLabel":null,"HideFromNavigation":false,"Type":"heading"},{"Header":{"Data":["Name","Description","Return Type"],"Type":"tablerow"},"Rows":[{"Data":["```Timeout(TimeSpan timeout)```","Http client timeout.","```Builder```"],"Type":"tablerow"},{"Data":["```NumberOfRetries(int numberOfRetries)```","Number of times the request is retried.","```Builder```"],"Type":"tablerow"},{"Data":["```BackoffFactor(int backoffFactor)```","Exponential backoff factor for duration between retry calls.","```Builder```"],"Type":"tablerow"},{"Data":["```RetryInterval(double retryInterval)```","The time interval between the endpoint calls.","```Builder```"],"Type":"tablerow"},{"Data":["```MaximumRetryWaitTime(TimeSpan maximumRetryWaitTime)```","The maximum retry wait time.","```Builder```"],"Type":"tablerow"},{"Data":["```StatusCodesToRetry(IList<int> statusCodesToRetry)```","List of Http status codes to invoke retry.","```Builder```"],"Type":"tablerow"},{"Data":["```RequestMethodsToRetry(IList<HttpMethod> requestMethodsToRetry)```","List of Http request methods to invoke retry.","```Builder```"],"Type":"tablerow"},{"Data":["```Build()```","Builds a new HttpClientConfiguration object using the set fields.","```HttpClientConfiguration```"],"Type":"tablerow"}],"Type":"table"}],"PlaceholderId":null,"SuggestedLinkText":"HttpClientConfiguration Builder Class","SuggestedLink":"$h/__common_code_documentation/HttpClientConfiguration%20Builder%20Class","SuggestedLinkLevel":2,"LinkLabel":null,"HideFromNavigation":false,"Type":"section"},{"Title":"IAuthManager Class","Nodes":[{"Text":"IAuthManager adds the authenticaion layer to the http calls.","Type":"paragraph"},{"Level":1,"Text":"Methods","SuggestedLinkText":"Methods","SuggestedLink":"Methods","SuggestedLinkLevel":0,"LinkLabel":null,"HideFromNavigation":false,"Type":"heading"},{"Header":{"Data":["Name","Description","Return Type"],"Type":"tablerow"},"Rows":[{"Data":["```Apply(HttpRequest httpRequest)```","Add authentication information to the HTTP Request.","```HttpRequest```"],"Type":"tablerow"},{"Data":["```ApplyAsync(HttpRequest httpRequest)```","Asynchronously add authentication information to the HTTP Request.","```Task<HttpRequest>```"],"Type":"tablerow"}],"Type":"table"}],"PlaceholderId":null,"SuggestedLinkText":"IAuthManager Class","SuggestedLink":"$h/__common_code_documentation/IAuthManager%20Class","SuggestedLinkLevel":2,"LinkLabel":null,"HideFromNavigation":false,"Type":"section"},{"Title":"ApiException Class","Nodes":[{"Text":"This is the base class for all exceptions that represent an error response from the server.","Type":"paragraph"},{"Level":1,"Text":"Properties","SuggestedLinkText":"Properties","SuggestedLink":"Properties","SuggestedLinkLevel":0,"LinkLabel":null,"HideFromNavigation":false,"Type":"heading"},{"Header":{"Data":["Name","Description","Type"],"Type":"tablerow"},"Rows":[{"Data":["ResponseCode","Gets the HTTP response code from the API request.","```int```"],"Type":"tablerow"},{"Data":["HttpContext","Gets or sets the HttpContext for the request and response.","```HttpContext```"],"Type":"tablerow"}],"Type":"table"},{"Level":1,"Text":"Constructors","SuggestedLinkText":"Constructors","SuggestedLink":"Constructors","SuggestedLinkLevel":0,"LinkLabel":null,"HideFromNavigation":false,"Type":"heading"},{"Header":{"Data":["Name","Description"],"Type":"tablerow"},"Rows":[{"Data":["```ApiException(string reason, HttpContext context)```","Initializes a new instance of the <see cref=\"ApiException\"/> class."],"Type":"tablerow"}],"Type":"table"}],"PlaceholderId":null,"SuggestedLinkText":"ApiException Class","SuggestedLink":"$h/__common_code_documentation/ApiException%20Class","SuggestedLinkLevel":2,"LinkLabel":null,"HideFromNavigation":false,"Type":"section"}],"PlaceholderId":"__common_code_documentation","SuggestedLinkText":"Common Code Documentation","SuggestedLink":"$h/__common_code_documentation","SuggestedLinkLevel":1,"LinkLabel":null,"HideFromNavigation":true,"Type":"section"}],"Type":"document"}