{"WhiteLabel":false,"NavItems":[{"Text":"Getting Started","Link":"$h/__getting_started","SubItems":[{"Text":"Introduction","Link":"$h/__intro","SubItems":[],"Label":null,"Skip":true,"IsExternal":false},{"Text":"Install the Package","Link":"$h/__how_to_install","SubItems":[],"Label":null,"Skip":true,"IsExternal":false},{"Text":"Building","Link":"$h/__how_to_build","SubItems":[],"Label":null,"Skip":true,"IsExternal":false},{"Text":"Installation","Link":"$h/__how_to_use","SubItems":[],"Label":null,"Skip":true,"IsExternal":false},{"Text":"Environments","Link":"$h/__enviroments","SubItems":[],"Label":null,"Skip":true,"IsExternal":false},{"Text":"Initialize the API Client","Link":"$h/__initializing","SubItems":[],"Label":null,"Skip":true,"IsExternal":false},{"Text":"Authorization","Link":"$h/__authorize","SubItems":[],"Label":null,"Skip":true,"IsExternal":false},{"Text":"Client Credentials Grant","Link":"$h/__client_credentials_grant","SubItems":[],"Label":null,"Skip":true,"IsExternal":false},{"Text":"Authorization Code Grant","Link":"$h/__authorization_code_grant","SubItems":[],"Label":null,"Skip":true,"IsExternal":false},{"Text":"Resource Owner Password Grant","Link":"$h/__resource_owner_password_grant","SubItems":[],"Label":null,"Skip":true,"IsExternal":false},{"Text":"Implicit Grant","Link":"$h/__implicit_grant","SubItems":[],"Label":null,"Skip":true,"IsExternal":false},{"Text":"Test the SDK","Link":"$h/__how_to_test","SubItems":[],"Label":null,"Skip":true,"IsExternal":false},{"Text":"API Errors","Link":"$h/__api_errors","SubItems":[],"Label":null,"Skip":true,"IsExternal":false}],"Label":null,"Skip":false,"IsExternal":false},{"Text":"Client Class Documentation","Link":"$h/__client_documentation","SubItems":[{"Text":"APIMATIC Calculator Client","Link":"APIMATIC Calculator Client","SubItems":[],"Label":null,"Skip":false,"IsExternal":false},{"Text":"Controllers","Link":"Controllers","SubItems":[],"Label":null,"Skip":false,"IsExternal":false}],"Label":null,"Skip":true,"IsExternal":false},{"Text":"API Reference","Link":"$h/__api_reference","SubItems":[{"Text":"List of APIs","Link":"$h/__list_of_apis","SubItems":[],"Label":null,"Skip":false,"IsExternal":false},{"Text":"Simple Calculator","Link":"$e/Simple%20Calculator","SubItems":[{"Text":"Overview","Link":"$h/__api_reference/Simple%20Calculator/Overview","SubItems":[{"Text":"Get instance","Link":"$h/__api_reference/Simple%20Calculator/Overview/Get%20instance","SubItems":[],"Label":null,"Skip":true,"IsExternal":false}],"Label":"endpoint-group-overview","Skip":false,"IsExternal":false},{"Text":"Get Calculate","Link":"$e/Simple%20Calculator/Calculate","SubItems":[],"Label":null,"Skip":false,"IsExternal":false}],"Label":null,"Skip":false,"IsExternal":false}],"Label":null,"Skip":false,"IsExternal":false},{"Text":"Model Reference","Link":"$h/__model_reference","SubItems":[{"Text":"Enumerations","Link":"$h/__model_reference/Enumerations","SubItems":[{"Text":"Operation Type","Link":"$m/Operation%20Type","SubItems":[],"Label":null,"Skip":false,"IsExternal":false}],"Label":null,"Skip":false,"IsExternal":false}],"Label":null,"Skip":false,"IsExternal":false},{"Text":"Utility Classes Documentation","Link":"$h/__utilities_documentation","SubItems":[{"Text":"ApiHelper Class","Link":"ApiHelper Class","SubItems":[],"Label":null,"Skip":false,"IsExternal":false},{"Text":"Methods","Link":"Methods","SubItems":[],"Label":null,"Skip":false,"IsExternal":false},{"Text":"DateTimeHelper Class","Link":"DateTimeHelper Class","SubItems":[],"Label":null,"Skip":false,"IsExternal":false},{"Text":"Methods","Link":"Methods","SubItems":[],"Label":null,"Skip":false,"IsExternal":false}],"Label":null,"Skip":true,"IsExternal":false},{"Text":"Common Code Documentation","Link":"$h/__common_code_documentation","SubItems":[{"Text":"HttpResponse","Link":"$h/__common_code_documentation/HttpResponse","SubItems":[{"Text":"Properties","Link":"Properties","SubItems":[],"Label":null,"Skip":false,"IsExternal":false}],"Label":null,"Skip":false,"IsExternal":false},{"Text":"HttpRequest","Link":"$h/__common_code_documentation/HttpRequest","SubItems":[{"Text":"Properties","Link":"Properties","SubItems":[],"Label":null,"Skip":false,"IsExternal":false}],"Label":null,"Skip":false,"IsExternal":false}],"Label":null,"Skip":true,"IsExternal":false}],"DataModel":{"showFullCode":false,"skipSslCertVerification":null,"config":{},"environment":"production","auth":null,"call":{"additionalQueryParams":null,"additionalFieldParams":null,"args":{}}},"DataModelSchema":{"type":"object","additionalProperties":false,"properties":{"showFullCode":{"title":"Show Complete File","description":"Show complete file for code, with bootstrap and error handling included.","type":"boolean"},"environment":{"title":"Environment","description":"Select an API environment","type":"string","default":"production","enum":["production"]}},"required":["showFullCode","environment"]},"PublishedPackage":null,"AuthHttpCallTemplate":null,"ApiAuthentication":null,"KnownLinkPrefixes":["page"],"Title":"Getting Started with APIMATIC Calculator","Sections":[{"Title":"Getting Started","Nodes":[{"Title":"Introduction","Nodes":[{"Text":"Simple calculator API hosted on APIMATIC\n\n","Type":"paragraph"}],"PlaceholderId":"__intro","SuggestedLinkText":"Introduction","SuggestedLink":"$h/__intro","SuggestedLinkLevel":2,"LinkLabel":null,"HideFromNavigation":true,"Type":"section"},{"Title":"Install the Package","Nodes":[],"PlaceholderId":"__how_to_install","SuggestedLinkText":"Install the Package","SuggestedLink":"$h/__how_to_install","SuggestedLinkLevel":2,"LinkLabel":null,"HideFromNavigation":true,"Type":"section"},{"Title":"Building","Nodes":[{"Text":"The generated code depends on a few Ruby gems. The references to these gems are added in the gemspec file. The easiest way to resolve the dependencies, build the gem and install it is through Rake: ","Type":"paragraph"},{"Text":"  1. Install Rake if not already installed: `gem install rake`\n  2. Install Bundler if not already installed: `gem install bundler`\n  3. From terminal/cmd navigate to the root directory of the SDK.\n  4. Invoke: `rake install`","Type":"paragraph"},{"Text":"Alternatively, you can build and install the gem manually:","Type":"paragraph"},{"Text":"  1. From terminal/cmd navigate to the root directory of the SDK.\n  2. Run the build command: `gem build apimatic_calculator.gemspec`\n  3. Run the install command: `gem install apimatic_calculator-1.0.0.gem`","Type":"paragraph"},{"Url":"/static/images/RUBY_GENERIC_LIB/file0.svg","AlterateText":"Installing Gem","Type":"image"}],"PlaceholderId":"__how_to_build","SuggestedLinkText":"Building","SuggestedLink":"$h/__how_to_build","SuggestedLinkLevel":2,"LinkLabel":null,"HideFromNavigation":true,"Type":"section"},{"Title":"Installation","Nodes":[{"Text":"The following section explains how to use the apimatic_calculator ruby gem in a new Rails project using RubyMine&trade;. The basic workflow presented here is also applicable if you prefer using a different editor or IDE.","Type":"paragraph"},{"Steps":[{"Nodes":[{"Text":"Close any existing projects in RubyMine&trade; by selecting `File -> Close Project`. Next, click on `Create New Project` to create a new project from scratch.","Type":"paragraph"},{"Url":"/static/images/RUBY_GENERIC_LIB/file1.svg","AlterateText":"Create a new project in RubyMine - Step 1","Type":"image"},{"Text":"Next, provide `TestApp` as the project name, choose `Rails Application` as the project type, and click `OK`.","Type":"paragraph"},{"Url":"/static/images/RUBY_GENERIC_LIB/file2.svg","AlterateText":"Create a new Rails Application in RubyMine - Step 2","Type":"image"},{"Text":"In the next dialog make sure that the correct Ruby SDK is being used (>= 2.6 and < 3.1) and click `OK`.","Type":"paragraph"},{"Url":"/static/images/RUBY_GENERIC_LIB/file3.svg","AlterateText":"Create a new Rails Application in RubyMine - Step 3","Type":"image"}],"Title":"Starting a new project","Type":"step"},{"Nodes":[{"Text":"In order to use the Tester gem in the new project we must add a gem reference. Locate the `Gemfile` in the Project Explorer window under the `TestApp` project node. The file contains references to all gems being used in the project. Here, add the reference to the library gem by adding the following line: `gem 'apimatic_calculator', '1.0.0'`","Type":"paragraph"},{"Url":"/static/images/RUBY_GENERIC_LIB/file4.svg","AlterateText":"Add new reference to the Gemfile","Type":"image"}],"Title":"Add reference of the gem","Type":"step"},{"Nodes":[{"Text":"Once the `TestApp` project is created, a folder named `controllers` will be visible in the *Project Explorer* under the following path: `TestApp > app > controllers`. Right click on this folder and select `New -> Run Rails Generator...`.","Type":"paragraph"},{"Url":"/static/images/RUBY_GENERIC_LIB/file5.svg","AlterateText":"Run Rails Generator on Controllers Folder","Type":"image"},{"Text":"Selecting the said option will popup a small window where the generator names are displayed. Here, select the `controller` template.","Type":"paragraph"},{"Url":"/static/images/RUBY_GENERIC_LIB/file6.svg","AlterateText":"Create a new Controller","Type":"image"},{"Text":"Next, a popup window will ask you for a Controller name and included Actions. For controller name provide `Hello` and include an action named `Index` and click `OK`.","Type":"paragraph"},{"Url":"/static/images/RUBY_GENERIC_LIB/file7.svg","AlterateText":"Add a new Controller","Type":"image"},{"Text":"A new controller class named `HelloController` will be created in a file named `hello_controller.rb` containing a method named `Index`. In this method, add code for initialization and a sample for its usage.","Type":"paragraph"},{"Url":"/static/images/RUBY_GENERIC_LIB/file8.svg","AlterateText":"Initialize the library","Type":"image"}],"Title":"Adding a new Rails Controller","Type":"step"}],"Type":"steppedguide"}],"PlaceholderId":"__how_to_use","SuggestedLinkText":"Installation","SuggestedLink":"$h/__how_to_use","SuggestedLinkLevel":2,"LinkLabel":null,"HideFromNavigation":true,"Type":"section"},{"Title":"Environments","Nodes":[],"PlaceholderId":"__enviroments","SuggestedLinkText":"Environments","SuggestedLink":"$h/__enviroments","SuggestedLinkLevel":2,"LinkLabel":null,"HideFromNavigation":true,"Type":"section"},{"Title":"Initialize the API Client","Nodes":[{"Text":"The following parameters are configurable for the API Client:","Type":"paragraph"},{"Header":{"Data":["Parameter","Type","Description"],"Type":"tablerow"},"Rows":[{"Data":["`environment`","Environment","The API environment. <br> **Default: `Environment.PRODUCTION`**"],"Type":"tablerow"},{"Data":["`connection`","`Faraday::Connection`","The Faraday connection object passed by the SDK user for making requests"],"Type":"tablerow"},{"Data":["`adapter`","`Faraday::Adapter`","The Faraday adapter object passed by the SDK user for performing http requests"],"Type":"tablerow"},{"Data":["`timeout`","`Float`","The value to use for connection timeout. <br> **Default: 60**"],"Type":"tablerow"},{"Data":["`max_retries`","`Integer`","The number of times to retry an endpoint call if it fails. <br> **Default: 0**"],"Type":"tablerow"},{"Data":["`retry_interval`","`Float`","Pause in seconds between retries. <br> **Default: 1**"],"Type":"tablerow"},{"Data":["`backoff_factor`","`Float`","The amount to multiply each successive retry's interval amount by in order to provide backoff. <br> **Default: 2**"],"Type":"tablerow"},{"Data":["`retry_statuses`","`Array`","A list of HTTP statuses to retry. <br> **Default: [408, 413, 429, 500, 502, 503, 504, 521, 522, 524, 408, 413, 429, 500, 502, 503, 504, 521, 522, 524]**"],"Type":"tablerow"},{"Data":["`retry_methods`","`Array`","A list of HTTP methods to retry. <br> **Default: %i[get put get put]**"],"Type":"tablerow"}],"Type":"table"},{"Text":"The API client can be initialized as follows:","Type":"paragraph"},{"Text":"client = ApimaticCalculator::Client.new(\n  environment: Environment::PRODUCTION,\r\n)","Language":"ruby","Type":"codeblock"}],"PlaceholderId":"__initializing","SuggestedLinkText":"Initialize the API Client","SuggestedLink":"$h/__initializing","SuggestedLinkLevel":2,"LinkLabel":null,"HideFromNavigation":true,"Type":"section"},{"Title":"Authorization","Nodes":[],"PlaceholderId":"__authorize","SuggestedLinkText":"Authorization","SuggestedLink":"$h/__authorize","SuggestedLinkLevel":2,"LinkLabel":null,"HideFromNavigation":true,"Type":"section"},{"Title":"Client Credentials Grant","Nodes":[],"PlaceholderId":"__client_credentials_grant","SuggestedLinkText":"Client Credentials Grant","SuggestedLink":"$h/__client_credentials_grant","SuggestedLinkLevel":2,"LinkLabel":null,"HideFromNavigation":true,"Type":"section"},{"Title":"Authorization Code Grant","Nodes":[],"PlaceholderId":"__authorization_code_grant","SuggestedLinkText":"Authorization Code Grant","SuggestedLink":"$h/__authorization_code_grant","SuggestedLinkLevel":2,"LinkLabel":null,"HideFromNavigation":true,"Type":"section"},{"Title":"Resource Owner Password Grant","Nodes":[],"PlaceholderId":"__resource_owner_password_grant","SuggestedLinkText":"Resource Owner Password Grant","SuggestedLink":"$h/__resource_owner_password_grant","SuggestedLinkLevel":2,"LinkLabel":null,"HideFromNavigation":true,"Type":"section"},{"Title":"Implicit Grant","Nodes":[],"PlaceholderId":"__implicit_grant","SuggestedLinkText":"Implicit Grant","SuggestedLink":"$h/__implicit_grant","SuggestedLinkLevel":2,"LinkLabel":null,"HideFromNavigation":true,"Type":"section"},{"Title":"Test the SDK","Nodes":[{"Text":"To run the tests, navigate to the root directory of the SDK in your terminal and execute the following command:","Type":"paragraph"},{"Text":"rake","Language":null,"Type":"codeblock"}],"PlaceholderId":"__how_to_test","SuggestedLinkText":"Test the SDK","SuggestedLink":"$h/__how_to_test","SuggestedLinkLevel":2,"LinkLabel":null,"HideFromNavigation":true,"Type":"section"},{"Title":"API Errors","Nodes":[],"PlaceholderId":"__api_errors","SuggestedLinkText":"API Errors","SuggestedLink":"$h/__api_errors","SuggestedLinkLevel":2,"LinkLabel":null,"HideFromNavigation":true,"Type":"section"}],"PlaceholderId":"__getting_started","SuggestedLinkText":"Getting Started","SuggestedLink":"$h/__getting_started","SuggestedLinkLevel":1,"LinkLabel":null,"HideFromNavigation":false,"Type":"section"},{"Title":"Client Class Documentation","Nodes":[{"Level":1,"Text":"APIMATIC Calculator Client","SuggestedLinkText":"APIMATIC Calculator Client","SuggestedLink":"APIMATIC Calculator Client","SuggestedLinkLevel":0,"LinkLabel":null,"HideFromNavigation":false,"Type":"heading"},{"Text":" The gateway for the SDK. This class acts as a factory for the Controllers and also holds the configuration of the SDK.","Type":"paragraph"},{"Level":1,"Text":"Controllers","SuggestedLinkText":"Controllers","SuggestedLink":"Controllers","SuggestedLinkLevel":0,"LinkLabel":null,"HideFromNavigation":false,"Type":"heading"},{"Header":{"Data":["Name","Description"],"Type":"tablerow"},"Rows":[{"Data":["simple_calculator","Gets SimpleCalculatorController"],"Type":"tablerow"}],"Type":"table"}],"PlaceholderId":"__client_documentation","SuggestedLinkText":"Client Class Documentation","SuggestedLink":"$h/__client_documentation","SuggestedLinkLevel":1,"LinkLabel":null,"HideFromNavigation":true,"Type":"section"},{"Title":"API Reference","Nodes":[{"Title":"List of APIs","Nodes":[{"Text":"* [Simple Calculator]($e/Simple%20Calculator)","Type":"paragraph"}],"PlaceholderId":null,"SuggestedLinkText":"List of APIs","SuggestedLink":"$h/__list_of_apis","SuggestedLinkLevel":2,"LinkLabel":null,"HideFromNavigation":false,"Type":"section"},{"Title":"Simple Calculator","Nodes":[{"Title":"Overview","Nodes":[{"Title":"Get instance","Nodes":[{"Text":"An instance of the `SimpleCalculatorController` class can be accessed from the API Client.","Type":"paragraph"},{"Text":"simple_calculator_controller = client.simple_calculator","Language":null,"Type":"codeblock"}],"PlaceholderId":null,"SuggestedLinkText":"Get instance","SuggestedLink":"$h/__api_reference/Simple%20Calculator/Overview/Get%20instance","SuggestedLinkLevel":4,"LinkLabel":null,"HideFromNavigation":true,"Type":"section"}],"PlaceholderId":null,"SuggestedLinkText":"Overview","SuggestedLink":"$h/__api_reference/Simple%20Calculator/Overview","SuggestedLinkLevel":3,"LinkLabel":"endpoint-group-overview","HideFromNavigation":false,"Type":"section"},{"Title":"Get Calculate","Nodes":[{"Title":"Get Calculate","Name":"get_calculate","Description":"Calculates the expression using the specified operation.\n\r\n","ReturnType":"Float","ReturnTypeLink":null,"ResponseText":"","ReturnTypeExample":null,"RequiresAuthentication":false,"MethodSignature":{"Text":"def get_calculate(options = {})","Language":"ruby","Type":"codeblock"},"Parameters":[{"Name":"operation","GenericName":"operation","DataType":"OperationTypeEnum","Description":"The operator to apply on the variables","Required":true,"LinkTo":"$m/Operation%20Type","Constant":false,"ParamType":"Template","DataTypeMarkdown":null,"ContainerTypes":null,"TypeCombinatorTypes":null,"Getter":null,"Setter":null,"Type":"paraminfo"},{"Name":"x","GenericName":"x","DataType":"Float","Description":"The LHS value","Required":true,"LinkTo":"","Constant":false,"ParamType":"Query","DataTypeMarkdown":null,"ContainerTypes":null,"TypeCombinatorTypes":null,"Getter":null,"Setter":null,"Type":"paraminfo"},{"Name":"y","GenericName":"y","DataType":"Float","Description":"The RHS value","Required":true,"LinkTo":"","Constant":false,"ParamType":"Query","DataTypeMarkdown":null,"ContainerTypes":null,"TypeCombinatorTypes":null,"Getter":null,"Setter":null,"Type":"paraminfo"}],"Scopes":[],"Errors":[],"StaticUsageExample":null,"UsageExample":{"EndpointGroupName":"Simple Calculator","EndpointName":"Calculate","Index":0,"CallModel":{"additionalQueryParams":null,"additionalFieldParams":null,"args":{"operation":"MULTIPLY","x":222.14,"y":165.14}},"CallModelSchema":{"title":"Endpoint Arguments","type":"object","additionalProperties":false,"properties":{"args":{"id":"endpoint_7C26ABBCDB1F9","title":"endpoint_7C26ABBCDB1F9","type":"object","properties":{"operation":{"title":"Operation Type","description":"The operator to apply on the variables","x-enum-elements":[{"name":"SUM","description":"Represents the sum operator"},{"name":"SUBTRACT","description":"Represents the subtract operator"},{"name":"MULTIPLY","description":"Represents the multiply operator"},{"name":"DIVIDE","description":"Represents the divide operator"}],"type":"string","enum":["SUM","SUBTRACT","MULTIPLY","DIVIDE"]},"x":{"description":"The LHS value","type":"number"},"y":{"description":"The RHS value","type":"number"}},"required":["operation","x","y"]}},"required":["args"]},"HttpCallTemplate":"{\"method\":\"GET\",\"url\":\"{% case environment %}{% when \"production\" %}https://examples.apimatic.io/apps/calculator{% else %}envrr{% endcase %}/{{ call[\"args\"][\"operation\"] }}{% capture inline_query_capture_876234 %}&x={% if call[\"args\"][\"x\"] != nil %}{{ call[\"args\"][\"x\"] }}{% else %}null{% endif %}&y={% if call[\"args\"][\"y\"] != nil %}{{ call[\"args\"][\"y\"] }}{% else %}null{% endif %}{% endcapture %}{% if inline_query_capture_876234.size > 0 %}?{% endif %}{{ inline_query_capture_876234 | remove_first:'&' }}\",\"headers\":{% capture header_capture_9023987234 %}{% endcapture %}{{ '{' }}{{ header_capture_9023987234 | remove_first:',' }}},\"body\":{{ '{' }}\"type\":\"none\"}}","Templates":{"RUBY_GENERIC_LIB":"{% if showFullCode %}require 'apimatic_calculator'\n\r\ninclude ApimaticCalculator\n\r\nclient = ApimaticCalculator::Client.new({% if environment != 'production' or showFullCode == false %}\n  environment: {% case environment %}{% when 'production' %}Environment::PRODUCTION{% else %}envrr{% endcase %},{% endif %}\r\n)\r\n\r\nsimple_calculator_controller = client.simple_calculator\r\n{% endif %}collect = {}\n\r\noperation = {% case call[\"args\"][\"operation\"] %}{% when 'SUM' %}OperationTypeEnum::SUM{% when 'SUBTRACT' %}OperationTypeEnum::SUBTRACT{% when 'MULTIPLY' %}OperationTypeEnum::MULTIPLY{% when 'DIVIDE' %}OperationTypeEnum::DIVIDE{% else %}envrr{% endcase %}\ncollect['operation'] = operation;\n\nx = {% if call[\"args\"][\"x\"] != nil %}{{ call[\"args\"][\"x\"] }}{% else %}nil{% endif %}\ncollect['x'] = x;\n\ny = {% if call[\"args\"][\"y\"] != nil %}{{ call[\"args\"][\"y\"] }}{% else %}nil{% endif %}\ncollect['y'] = y;\n\n{% if showFullCode %}begin\n  {% endif %}result = simple_calculator_controller.get_calculate(collect){% if showFullCode %}\nrescue APIException => ex\n  puts \"Caught APIException: #{ex.message}\"\nend\n{% endif %}"},"Type":"compilablecodeblock"},"Response":null,"ServerName":null,"Id":null,"Type":"endpointreference"}],"PlaceholderId":null,"SuggestedLinkText":"Get Calculate","SuggestedLink":"$e/Simple%20Calculator/Calculate","SuggestedLinkLevel":3,"LinkLabel":null,"HideFromNavigation":false,"Type":"section"}],"PlaceholderId":null,"SuggestedLinkText":"Simple Calculator","SuggestedLink":"$e/Simple%20Calculator","SuggestedLinkLevel":2,"LinkLabel":null,"HideFromNavigation":false,"Type":"section"}],"PlaceholderId":"__api_reference","SuggestedLinkText":"API Reference","SuggestedLink":"$h/__api_reference","SuggestedLinkLevel":1,"LinkLabel":null,"HideFromNavigation":false,"Type":"section"},{"Title":"Model Reference","Nodes":[{"Title":"Enumerations","Nodes":[{"Text":"* [Operation Type]($m/Operation%20Type)","Type":"paragraph"},{"Title":"Operation Type","Nodes":[{"Elements":[{"Key":"SUM","Value":"Represents the sum operator"},{"Key":"SUBTRACT","Value":"Represents the subtract operator"},{"Key":"MULTIPLY","Value":"Represents the multiply operator"},{"Key":"DIVIDE","Value":"Represents the divide operator"}],"Title":"Operation Type","Name":"OperationTypeEnum","OriginalName":"Operation Type","Description":"Possible operators are sum, subtract, multiply, divide","BaseClass":null,"BaseClassLink":null,"StructureType":"Enum Type Name","ContainedTypesName":"Enum Constants","Example":null,"Id":null,"Type":"enumreference"}],"PlaceholderId":null,"SuggestedLinkText":"Operation Type","SuggestedLink":"$m/Operation%20Type","SuggestedLinkLevel":3,"LinkLabel":null,"HideFromNavigation":false,"Type":"section"}],"PlaceholderId":null,"SuggestedLinkText":"Enumerations","SuggestedLink":"$h/__model_reference/Enumerations","SuggestedLinkLevel":2,"LinkLabel":null,"HideFromNavigation":false,"Type":"section"}],"PlaceholderId":"__model_reference","SuggestedLinkText":"Model Reference","SuggestedLink":"$h/__model_reference","SuggestedLinkLevel":1,"LinkLabel":null,"HideFromNavigation":false,"Type":"section"},{"Title":"Utility Classes Documentation","Nodes":[{"Level":1,"Text":"ApiHelper Class","SuggestedLinkText":"ApiHelper Class","SuggestedLink":"ApiHelper Class","SuggestedLinkLevel":0,"LinkLabel":null,"HideFromNavigation":false,"Type":"heading"},{"Text":"API utility class.","Type":"paragraph"},{"Level":1,"Text":"Methods","SuggestedLinkText":"Methods","SuggestedLink":"Methods","SuggestedLinkLevel":0,"LinkLabel":null,"HideFromNavigation":false,"Type":"heading"},{"Header":{"Data":["Name","Return Type","Description"],"Type":"tablerow"},"Rows":[{"Data":["json_deserialize","Hash","Deserializes a JSON string to a Ruby Hash."],"Type":"tablerow"},{"Data":["rfc3339","DateTime","Safely converts a string into an RFC3339 DateTime object."],"Type":"tablerow"}],"Type":"table"},{"Level":1,"Text":"DateTimeHelper Class","SuggestedLinkText":"DateTimeHelper Class","SuggestedLink":"DateTimeHelper Class","SuggestedLinkLevel":0,"LinkLabel":null,"HideFromNavigation":false,"Type":"heading"},{"Text":"DateTime utility class.","Type":"paragraph"},{"Level":1,"Text":"Methods","SuggestedLinkText":"Methods","SuggestedLink":"Methods","SuggestedLinkLevel":0,"LinkLabel":null,"HideFromNavigation":false,"Type":"heading"},{"Header":{"Data":["Name","Return Type","Description"],"Type":"tablerow"},"Rows":[{"Data":["from_rfc3339","DateTime","Safely converts a string into an RFC3339 DateTime object."],"Type":"tablerow"},{"Data":["from_rfc1123","DateTime","Safely converts a string into an RFC1123 DateTime object."],"Type":"tablerow"},{"Data":["from_unix","DateTime","Safely converts a string into an Unix DateTime object."],"Type":"tablerow"},{"Data":["to_rfc3339","DateTime_String","Safely converts a RFC3339 DateTime object into a DateTime string."],"Type":"tablerow"},{"Data":["to_rfc1123","DateTime_String","Safely converts a RFC1123 DateTime object into a DateTime string."],"Type":"tablerow"},{"Data":["to_unix","DateTime_String","Safely converts a Unix DateTime object into a DateTime string."],"Type":"tablerow"},{"Data":["to_rfc3339_map","Map_Of_DateTime_String","Safely converts a map of RFC3339 DateTime object into a map of RFC3339 formatted DateTime string."],"Type":"tablerow"},{"Data":["to_rfc3339_array","Array_Of_DateTime_String","Safely converts an array of RFC3339 DateTime object into an array of RFC3339 formatted DateTime string."],"Type":"tablerow"},{"Data":["to_rfc1123_map","Map_Of_DateTime_String","Safely converts a map of RFC1123 DateTime object into map of RFC1123 formatted DateTime string."],"Type":"tablerow"},{"Data":["to_rfc1123_array","Array_Of_DateTime_String","Safely converts an array of RFC1123 DateTime object into an array of RFC1123 formatted DateTime string."],"Type":"tablerow"},{"Data":["to_unix_map","Map_Of_DateTime_String","Safely converts a map of Unix DateTime object into a map of Unix formatted DateTime string."],"Type":"tablerow"},{"Data":["to_unix_array","Array_Of_DateTime_String","Safely converts an array of Unix DateTime object into an array of Unix formatted DateTime string."],"Type":"tablerow"}],"Type":"table"}],"PlaceholderId":"__utilities_documentation","SuggestedLinkText":"Utility Classes Documentation","SuggestedLink":"$h/__utilities_documentation","SuggestedLinkLevel":1,"LinkLabel":null,"HideFromNavigation":true,"Type":"section"},{"Title":"Common Code Documentation","Nodes":[{"Title":"HttpResponse","Nodes":[{"Text":"Http response received.","Type":"paragraph"},{"Level":1,"Text":"Properties","SuggestedLinkText":"Properties","SuggestedLink":"Properties","SuggestedLinkLevel":0,"LinkLabel":null,"HideFromNavigation":false,"Type":"heading"},{"Header":{"Data":["Name","Type","Description"],"Type":"tablerow"},"Rows":[{"Data":["status_code","Integer","The status code returned by the server."],"Type":"tablerow"},{"Data":["reason_phrase","String","The reason phrase returned by the server."],"Type":"tablerow"},{"Data":["headers","Hash","Response headers."],"Type":"tablerow"},{"Data":["raw_body","String","Response body."],"Type":"tablerow"},{"Data":["request","HttpRequest","The request that resulted in this response."],"Type":"tablerow"}],"Type":"table"}],"PlaceholderId":null,"SuggestedLinkText":"HttpResponse","SuggestedLink":"$h/__common_code_documentation/HttpResponse","SuggestedLinkLevel":2,"LinkLabel":null,"HideFromNavigation":false,"Type":"section"},{"Title":"HttpRequest","Nodes":[{"Text":"Represents a single Http Request.","Type":"paragraph"},{"Level":1,"Text":"Properties","SuggestedLinkText":"Properties","SuggestedLink":"Properties","SuggestedLinkLevel":0,"LinkLabel":null,"HideFromNavigation":false,"Type":"heading"},{"Header":{"Data":["Name","Type","Tag","Description"],"Type":"tablerow"},"Rows":[{"Data":["http_method","HttpMethodEnum","","The HTTP method of the request."],"Type":"tablerow"},{"Data":["query_url  ","String","","The endpoint URL for the API request."],"Type":"tablerow"},{"Data":["headers","Hash","Optional","Request headers."],"Type":"tablerow"},{"Data":["parameters","Hash","Optional","Request body."],"Type":"tablerow"},{"Data":["context","Hash","Optional","Request context for passing meta information about the request."],"Type":"tablerow"}],"Type":"table"}],"PlaceholderId":null,"SuggestedLinkText":"HttpRequest","SuggestedLink":"$h/__common_code_documentation/HttpRequest","SuggestedLinkLevel":2,"LinkLabel":null,"HideFromNavigation":false,"Type":"section"}],"PlaceholderId":"__common_code_documentation","SuggestedLinkText":"Common Code Documentation","SuggestedLink":"$h/__common_code_documentation","SuggestedLinkLevel":1,"LinkLabel":null,"HideFromNavigation":true,"Type":"section"}],"Type":"document"}