{"WhiteLabel":false,"NavItems":[{"Text":"Getting Started","Link":"$h/__getting_started","SubItems":[{"Text":"Introduction","Link":"$h/__intro","SubItems":[],"Label":null,"Skip":true,"IsExternal":false},{"Text":"Install the Package","Link":"$h/__how_to_install","SubItems":[],"Label":null,"Skip":true,"IsExternal":false},{"Text":"Building","Link":"$h/__how_to_build","SubItems":[{"Text":"Configuring CURL Certificate Path in php.ini","Link":"$h/__getting_started/__how_to_build/Configuring%20CURL%20Certificate%20Path%20in%20php.ini","SubItems":[],"Label":null,"Skip":true,"IsExternal":false}],"Label":null,"Skip":true,"IsExternal":false},{"Text":"Installation","Link":"$h/__how_to_use","SubItems":[],"Label":null,"Skip":true,"IsExternal":false},{"Text":"Environments","Link":"$h/__enviroments","SubItems":[],"Label":null,"Skip":true,"IsExternal":false},{"Text":"Initialize the API Client","Link":"$h/__initializing","SubItems":[],"Label":null,"Skip":true,"IsExternal":false},{"Text":"Authorization","Link":"$h/__authorize","SubItems":[],"Label":null,"Skip":true,"IsExternal":false},{"Text":"Client Credentials Grant","Link":"$h/__client_credentials_grant","SubItems":[],"Label":null,"Skip":true,"IsExternal":false},{"Text":"Authorization Code Grant","Link":"$h/__authorization_code_grant","SubItems":[],"Label":null,"Skip":true,"IsExternal":false},{"Text":"Resource Owner Password Grant","Link":"$h/__resource_owner_password_grant","SubItems":[],"Label":null,"Skip":true,"IsExternal":false},{"Text":"Implicit Grant","Link":"$h/__implicit_grant","SubItems":[],"Label":null,"Skip":true,"IsExternal":false},{"Text":"Test the SDK","Link":"$h/__how_to_test","SubItems":[],"Label":null,"Skip":true,"IsExternal":false},{"Text":"API Errors","Link":"$h/__api_errors","SubItems":[],"Label":null,"Skip":true,"IsExternal":false}],"Label":null,"Skip":false,"IsExternal":false},{"Text":"Client Class Documentation","Link":"$h/__client_documentation","SubItems":[{"Text":"APIMATIC Calculator Client","Link":"APIMATIC Calculator Client","SubItems":[],"Label":null,"Skip":false,"IsExternal":false},{"Text":"Controllers","Link":"Controllers","SubItems":[],"Label":null,"Skip":false,"IsExternal":false}],"Label":null,"Skip":true,"IsExternal":false},{"Text":"API Reference","Link":"$h/__api_reference","SubItems":[{"Text":"List of APIs","Link":"$h/__list_of_apis","SubItems":[],"Label":null,"Skip":false,"IsExternal":false},{"Text":"Simple Calculator","Link":"$e/Simple%20Calculator","SubItems":[{"Text":"Overview","Link":"$h/__api_reference/Simple%20Calculator/Overview","SubItems":[{"Text":"Get singleton instance","Link":"$h/__api_reference/Simple%20Calculator/Overview/Get%20singleton%20instance","SubItems":[],"Label":null,"Skip":true,"IsExternal":false}],"Label":"endpoint-group-overview","Skip":false,"IsExternal":false},{"Text":"Get Calculate","Link":"$e/Simple%20Calculator/Calculate","SubItems":[],"Label":null,"Skip":false,"IsExternal":false}],"Label":null,"Skip":false,"IsExternal":false}],"Label":null,"Skip":false,"IsExternal":false},{"Text":"Model Reference","Link":"$h/__model_reference","SubItems":[{"Text":"Enumerations","Link":"$h/__model_reference/Enumerations","SubItems":[{"Text":"Operation Type","Link":"$m/Operation%20Type","SubItems":[],"Label":null,"Skip":false,"IsExternal":false}],"Label":null,"Skip":false,"IsExternal":false}],"Label":null,"Skip":false,"IsExternal":false},{"Text":"Utility Classes Documentation","Link":"$h/__utilities_documentation","SubItems":[],"Label":null,"Skip":true,"IsExternal":false},{"Text":"Common Code Documentation","Link":"$h/__common_code_documentation","SubItems":[{"Text":"ApiException","Link":"$h/__common_code_documentation/ApiException","SubItems":[{"Text":"Methods","Link":"Methods","SubItems":[],"Label":null,"Skip":false,"IsExternal":false}],"Label":null,"Skip":false,"IsExternal":false},{"Text":"HttpRequest","Link":"$h/__common_code_documentation/HttpRequest","SubItems":[{"Text":"Methods","Link":"Methods","SubItems":[],"Label":null,"Skip":false,"IsExternal":false}],"Label":null,"Skip":false,"IsExternal":false},{"Text":"HttpResponse","Link":"$h/__common_code_documentation/HttpResponse","SubItems":[{"Text":"Methods","Link":"Methods","SubItems":[],"Label":null,"Skip":false,"IsExternal":false}],"Label":null,"Skip":false,"IsExternal":false}],"Label":null,"Skip":true,"IsExternal":false}],"DataModel":{"showFullCode":false,"skipSslCertVerification":null,"config":{},"environment":"production","auth":null,"call":{"additionalQueryParams":null,"additionalFieldParams":null,"args":{}}},"DataModelSchema":{"type":"object","additionalProperties":false,"properties":{"showFullCode":{"title":"Show Complete File","description":"Show complete file for code, with bootstrap and error handling included.","type":"boolean"},"environment":{"title":"Environment","description":"Select an API environment","type":"string","default":"production","enum":["production"]}},"required":["showFullCode","environment"]},"PublishedPackage":null,"AuthHttpCallTemplate":null,"ApiAuthentication":null,"KnownLinkPrefixes":["page"],"Title":"Getting Started with APIMATIC Calculator","Sections":[{"Title":"Getting Started","Nodes":[{"Title":"Introduction","Nodes":[{"Text":"Simple calculator API hosted on APIMATIC\n\n","Type":"paragraph"}],"PlaceholderId":"__intro","SuggestedLinkText":"Introduction","SuggestedLink":"$h/__intro","SuggestedLinkLevel":2,"LinkLabel":null,"HideFromNavigation":true,"Type":"section"},{"Title":"Install the Package","Nodes":[],"PlaceholderId":"__how_to_install","SuggestedLinkText":"Install the Package","SuggestedLink":"$h/__how_to_install","SuggestedLinkLevel":2,"LinkLabel":null,"HideFromNavigation":true,"Type":"section"},{"Title":"Building","Nodes":[{"Text":"The generated code has dependencies over external libraries like UniRest and JsonMapper. JsonMapper requires docblock annotations like `@var`, `@maps`, and `@factory` to map JSON responses with our class definitions. Hence the docblocks in generated code cannot be disabled by deactivating the PHP configurations like `opcache.save_comments`. These dependencies are defined in the `composer.json` file that comes with the SDK. To resolve these dependencies, we use the Composer package manager which requires PHP greater than or equal to 7.2 installed in your system. Visit [https://getcomposer.org/download/](https://getcomposer.org/download/) to download the installer file for Composer and run it in your system. Open command prompt and type `composer --version`. This should display the current version of the Composer installed if the installation was successful.","Type":"paragraph"},{"Text":"* Using command line, navigate to the directory containing the generated files (including `composer.json`) for the SDK. \n* Run the command `composer install`. This should install all the required dependencies and create the `vendor` directory in your project directory.","Type":"paragraph"},{"Url":"/static/images/PHP_GENERIC_LIB_V2/file0.svg","AlterateText":"Building SDK - Step 1","Type":"image"},{"Title":"Configuring CURL Certificate Path in php.ini","Nodes":[{"Title":"Note","Body":"This is for Windows users only.","CalloutType":0,"Type":"callout"},{"Text":"CURL used to include a list of accepted CAs, but no longer bundles ANY CA certs. So by default it will reject all SSL certificates as unverifiable. You will have to get your CA's cert and point curl at it. The steps are as follows:","Type":"paragraph"},{"Text":"1. Download the certificate bundle (.pem file) from [https://curl.haxx.se/docs/caextract.html](https://curl.haxx.se/docs/caextract.html) on to your system.\n2. Add curl.cainfo = \"PATH_TO/cacert.pem\" to your php.ini file located in your php installation. “PATH_TO” must be an absolute path containing the .pem file.","Type":"paragraph"},{"Text":"[curl]; A default value for the CURLOPT_CAINFO option. This is required to be an\n; absolute path.\ncurl.cainfo = PATH_TO/cacert.pem","Language":null,"Type":"codeblock"}],"PlaceholderId":null,"SuggestedLinkText":"Configuring CURL Certificate Path in php.ini","SuggestedLink":"$h/__getting_started/__how_to_build/Configuring%20CURL%20Certificate%20Path%20in%20php.ini","SuggestedLinkLevel":3,"LinkLabel":null,"HideFromNavigation":true,"Type":"section"}],"PlaceholderId":"__how_to_build","SuggestedLinkText":"Building","SuggestedLink":"$h/__how_to_build","SuggestedLinkLevel":2,"LinkLabel":null,"HideFromNavigation":true,"Type":"section"},{"Title":"Installation","Nodes":[{"Text":"The following section explains how to use the APIMATICCalculatorLib library in a new project.","Type":"paragraph"},{"Steps":[{"Nodes":[{"Text":"Open an IDE for PHP like PhpStorm. The basic workflow presented here is also applicable if you prefer using a different editor or IDE.","Type":"paragraph"},{"Url":"/static/images/PHP_GENERIC_LIB_V2/file1.svg","AlterateText":"Open project in PHPStorm - Step 1","Type":"image"},{"Text":"Click on `Open` in PhpStorm to browse to your generated SDK directory and then click `OK`.","Type":"paragraph"},{"Url":"/static/images/PHP_GENERIC_LIB_V2/file2.svg","AlterateText":"Open project in PHPStorm - Step 2","Type":"image"}],"Title":"Open Project in an IDE","Type":"step"},{"Nodes":[{"Text":"Create a new directory by right clicking on the solution name as shown below:","Type":"paragraph"},{"Url":"/static/images/PHP_GENERIC_LIB_V2/file3.svg","AlterateText":"Add a new project in PHPStorm - Step 1","Type":"image"},{"Text":"Name the directory as \"test\".","Type":"paragraph"},{"Url":"/static/images/PHP_GENERIC_LIB_V2/file4.svg","AlterateText":"Add a new project in PHPStorm - Step 2","Type":"image"},{"Text":"Add a PHP file to this project.","Type":"paragraph"},{"Url":"/static/images/PHP_GENERIC_LIB_V2/file5.svg","AlterateText":"Add a new project in PHPStorm - Step 3","Type":"image"},{"Text":"Name it \"testSDK\".","Type":"paragraph"},{"Url":"/static/images/PHP_GENERIC_LIB_V2/file6.svg","AlterateText":"Add a new project in PHPStorm - Step 4","Type":"image"},{"Text":"Depending on your project setup, you might need to include composer's autoloader in your PHP code to enable auto loading of classes.","Type":"paragraph"},{"Text":"require_once \"vendor/autoload.php\";","Language":"php","Type":"codeblock"},{"Text":"It is important that the path inside require_once correctly points to the file `autoload.php` inside the vendor directory created during dependency installations.","Type":"paragraph"},{"Url":"/static/images/PHP_GENERIC_LIB_V2/file7.svg","AlterateText":"Add a new project in PHPStorm - Step 5","Type":"image"},{"Text":"After this you can add code to initialize the client library and acquire the instance of a Controller class. Sample code to initialize the client library and use the Controller methods is given in the subsequent sections.","Type":"paragraph"}],"Title":"Add a new Test Project","Type":"step"},{"Nodes":[{"Text":"To run your project you must set the Interpreter for your project. Interpreter is the PHP engine installed on your computer.","Type":"paragraph"},{"Text":"Open `Settings` from `File` menu.","Type":"paragraph"},{"Url":"/static/images/PHP_GENERIC_LIB_V2/file8.svg","AlterateText":"Run Test Project - Step 1","Type":"image"},{"Text":"Select `PHP` from within `Languages & Frameworks`.","Type":"paragraph"},{"Url":"/static/images/PHP_GENERIC_LIB_V2/file9.svg","AlterateText":"Run Test Project - Step 2","Type":"image"},{"Text":"Browse for Interpreters near the `Interpreter` option and choose your interpreter.","Type":"paragraph"},{"Url":"/static/images/PHP_GENERIC_LIB_V2/file10.svg","AlterateText":"Run Test Project - Step 3","Type":"image"},{"Text":"Once the interpreter is selected, click `OK`.","Type":"paragraph"},{"Url":"/static/images/PHP_GENERIC_LIB_V2/file11.svg","AlterateText":"Run Test Project - Step 4","Type":"image"},{"Text":"To run your project, right click on your PHP file inside your Test project and click on `Run`.","Type":"paragraph"},{"Url":"/static/images/PHP_GENERIC_LIB_V2/file12.svg","AlterateText":"Run Test Project - Step 5","Type":"image"}],"Title":"Run the Test Project","Type":"step"}],"Type":"steppedguide"}],"PlaceholderId":"__how_to_use","SuggestedLinkText":"Installation","SuggestedLink":"$h/__how_to_use","SuggestedLinkLevel":2,"LinkLabel":null,"HideFromNavigation":true,"Type":"section"},{"Title":"Environments","Nodes":[],"PlaceholderId":"__enviroments","SuggestedLinkText":"Environments","SuggestedLink":"$h/__enviroments","SuggestedLinkLevel":2,"LinkLabel":null,"HideFromNavigation":true,"Type":"section"},{"Title":"Initialize the API Client","Nodes":[{"Text":"The following parameters are configurable for the API Client:","Type":"paragraph"},{"Header":{"Data":["Parameter","Type","Description"],"Type":"tablerow"},"Rows":[{"Data":["`environment`","Environment","The API environment. <br> **Default: `Environment.PRODUCTION`**"],"Type":"tablerow"},{"Data":["`timeout`","`int`","Timeout for API calls in seconds.<br>*Default*: `0`"],"Type":"tablerow"},{"Data":["`enableRetries`","`bool`","Whether to enable retries and backoff feature.<br>*Default*: `false`"],"Type":"tablerow"},{"Data":["`numberOfRetries`","`int`","The number of retries to make.<br>*Default*: `0`"],"Type":"tablerow"},{"Data":["`retryInterval`","`float`","The retry time interval between the endpoint calls.<br>*Default*: `1`"],"Type":"tablerow"},{"Data":["`backOffFactor`","`float`","Exponential backoff factor to increase interval between retries.<br>*Default*: `2`"],"Type":"tablerow"},{"Data":["`maximumRetryWaitTime`","`int`","The maximum wait time in seconds for overall retrying requests.<br>*Default*: `0`"],"Type":"tablerow"},{"Data":["`retryOnTimeout`","`bool`","Whether to retry on request timeout.<br>*Default*: `true`"],"Type":"tablerow"},{"Data":["`httpStatusCodesToRetry`","`array`","Http status codes to retry against.<br>*Default*: `408, 413, 429, 500, 502, 503, 504, 521, 522, 524, 408, 413, 429, 500, 502, 503, 504, 521, 522, 524`"],"Type":"tablerow"},{"Data":["`httpMethodsToRetry`","`array`","Http methods to retry against.<br>*Default*: `'GET', 'PUT', 'GET', 'PUT'`"],"Type":"tablerow"}],"Type":"table"},{"Text":"The API client can be initialized as follows:","Type":"paragraph"},{"Text":"$client = new APIMATICCalculatorLib\\APIMATICCalculatorClient([\n    // Set the environment\n    'environment' => 'production',\n]);\r\n\r\n","Language":"php","Type":"codeblock"}],"PlaceholderId":"__initializing","SuggestedLinkText":"Initialize the API Client","SuggestedLink":"$h/__initializing","SuggestedLinkLevel":2,"LinkLabel":null,"HideFromNavigation":true,"Type":"section"},{"Title":"Authorization","Nodes":[],"PlaceholderId":"__authorize","SuggestedLinkText":"Authorization","SuggestedLink":"$h/__authorize","SuggestedLinkLevel":2,"LinkLabel":null,"HideFromNavigation":true,"Type":"section"},{"Title":"Client Credentials Grant","Nodes":[],"PlaceholderId":"__client_credentials_grant","SuggestedLinkText":"Client Credentials Grant","SuggestedLink":"$h/__client_credentials_grant","SuggestedLinkLevel":2,"LinkLabel":null,"HideFromNavigation":true,"Type":"section"},{"Title":"Authorization Code Grant","Nodes":[],"PlaceholderId":"__authorization_code_grant","SuggestedLinkText":"Authorization Code Grant","SuggestedLink":"$h/__authorization_code_grant","SuggestedLinkLevel":2,"LinkLabel":null,"HideFromNavigation":true,"Type":"section"},{"Title":"Resource Owner Password Grant","Nodes":[],"PlaceholderId":"__resource_owner_password_grant","SuggestedLinkText":"Resource Owner Password Grant","SuggestedLink":"$h/__resource_owner_password_grant","SuggestedLinkLevel":2,"LinkLabel":null,"HideFromNavigation":true,"Type":"section"},{"Title":"Implicit Grant","Nodes":[],"PlaceholderId":"__implicit_grant","SuggestedLinkText":"Implicit Grant","SuggestedLink":"$h/__implicit_grant","SuggestedLinkLevel":2,"LinkLabel":null,"HideFromNavigation":true,"Type":"section"},{"Title":"Test the SDK","Nodes":[{"Text":"Unit tests in this SDK can be run using PHPUnit.","Type":"paragraph"},{"Text":"1. First install the dependencies using composer including the `require-dev` dependencies.\n2. Run `vendor\\bin\\phpunit --verbose` from commandline to execute tests. If you have installed PHPUnit globally, run tests using `phpunit --verbose` instead.","Type":"paragraph"},{"Text":"You can change the PHPUnit test configuration in the `phpunit.xml` file.","Type":"paragraph"}],"PlaceholderId":"__how_to_test","SuggestedLinkText":"Test the SDK","SuggestedLink":"$h/__how_to_test","SuggestedLinkLevel":2,"LinkLabel":null,"HideFromNavigation":true,"Type":"section"},{"Title":"API Errors","Nodes":[],"PlaceholderId":"__api_errors","SuggestedLinkText":"API Errors","SuggestedLink":"$h/__api_errors","SuggestedLinkLevel":2,"LinkLabel":null,"HideFromNavigation":true,"Type":"section"}],"PlaceholderId":"__getting_started","SuggestedLinkText":"Getting Started","SuggestedLink":"$h/__getting_started","SuggestedLinkLevel":1,"LinkLabel":null,"HideFromNavigation":false,"Type":"section"},{"Title":"Client Class Documentation","Nodes":[{"Level":1,"Text":"APIMATIC Calculator Client","SuggestedLinkText":"APIMATIC Calculator Client","SuggestedLink":"APIMATIC Calculator Client","SuggestedLinkLevel":0,"LinkLabel":null,"HideFromNavigation":false,"Type":"heading"},{"Text":" The gateway for the SDK. This class acts as a factory for the Controllers and also holds the configuration of the SDK.","Type":"paragraph"},{"Level":1,"Text":"Controllers","SuggestedLinkText":"Controllers","SuggestedLink":"Controllers","SuggestedLinkLevel":0,"LinkLabel":null,"HideFromNavigation":false,"Type":"heading"},{"Header":{"Data":["Name","Description"],"Type":"tablerow"},"Rows":[{"Data":["getSimpleCalculatorController()","Gets SimpleCalculatorController"],"Type":"tablerow"}],"Type":"table"}],"PlaceholderId":"__client_documentation","SuggestedLinkText":"Client Class Documentation","SuggestedLink":"$h/__client_documentation","SuggestedLinkLevel":1,"LinkLabel":null,"HideFromNavigation":true,"Type":"section"},{"Title":"API Reference","Nodes":[{"Title":"List of APIs","Nodes":[{"Text":"* [Simple Calculator]($e/Simple%20Calculator)","Type":"paragraph"}],"PlaceholderId":null,"SuggestedLinkText":"List of APIs","SuggestedLink":"$h/__list_of_apis","SuggestedLinkLevel":2,"LinkLabel":null,"HideFromNavigation":false,"Type":"section"},{"Title":"Simple Calculator","Nodes":[{"Title":"Overview","Nodes":[{"Title":"Get singleton instance","Nodes":[{"Text":"The singleton instance of the `SimpleCalculatorController` class can be accessed from the API Client.","Type":"paragraph"},{"Text":"$simpleCalculatorController = $client->getSimpleCalculatorController();","Language":null,"Type":"codeblock"}],"PlaceholderId":null,"SuggestedLinkText":"Get singleton instance","SuggestedLink":"$h/__api_reference/Simple%20Calculator/Overview/Get%20singleton%20instance","SuggestedLinkLevel":4,"LinkLabel":null,"HideFromNavigation":true,"Type":"section"}],"PlaceholderId":null,"SuggestedLinkText":"Overview","SuggestedLink":"$h/__api_reference/Simple%20Calculator/Overview","SuggestedLinkLevel":3,"LinkLabel":"endpoint-group-overview","HideFromNavigation":false,"Type":"section"},{"Title":"Get Calculate","Nodes":[{"Title":"Get Calculate","Name":"getCalculate","Description":"Calculates the expression using the specified operation.\n\r\n","ReturnType":"float","ReturnTypeLink":null,"ResponseText":null,"ReturnTypeExample":null,"RequiresAuthentication":false,"MethodSignature":{"Text":"function getCalculate(array $options): float","Language":"php","Type":"codeblock"},"Parameters":[{"Name":"operation","GenericName":"operation","DataType":"string (OperationTypeEnum)","Description":"The operator to apply on the variables","Required":true,"LinkTo":"$m/Operation%20Type","Constant":false,"ParamType":"Template","DataTypeMarkdown":null,"ContainerTypes":null,"TypeCombinatorTypes":null,"Getter":null,"Setter":null,"Type":"paraminfo"},{"Name":"x","GenericName":"x","DataType":"float","Description":"The LHS value","Required":true,"LinkTo":"","Constant":false,"ParamType":"Query","DataTypeMarkdown":null,"ContainerTypes":null,"TypeCombinatorTypes":null,"Getter":null,"Setter":null,"Type":"paraminfo"},{"Name":"y","GenericName":"y","DataType":"float","Description":"The RHS value","Required":true,"LinkTo":"","Constant":false,"ParamType":"Query","DataTypeMarkdown":null,"ContainerTypes":null,"TypeCombinatorTypes":null,"Getter":null,"Setter":null,"Type":"paraminfo"}],"Scopes":[],"Errors":[],"StaticUsageExample":null,"UsageExample":{"EndpointGroupName":"Simple Calculator","EndpointName":"Calculate","Index":0,"CallModel":{"additionalQueryParams":null,"additionalFieldParams":null,"args":{"operation":"MULTIPLY","x":222.14,"y":165.14}},"CallModelSchema":{"title":"Endpoint Arguments","type":"object","additionalProperties":false,"properties":{"args":{"id":"endpoint_7C26ABBCDB1F9","title":"endpoint_7C26ABBCDB1F9","type":"object","properties":{"operation":{"title":"Operation Type","description":"The operator to apply on the variables","x-enum-elements":[{"name":"SUM","description":"Represents the sum operator"},{"name":"SUBTRACT","description":"Represents the subtract operator"},{"name":"MULTIPLY","description":"Represents the multiply operator"},{"name":"DIVIDE","description":"Represents the divide operator"}],"type":"string","enum":["SUM","SUBTRACT","MULTIPLY","DIVIDE"]},"x":{"description":"The LHS value","type":"number"},"y":{"description":"The RHS value","type":"number"}},"required":["operation","x","y"]}},"required":["args"]},"HttpCallTemplate":"{\"method\":\"GET\",\"url\":\"{% case environment %}{% when \"production\" %}https://examples.apimatic.io/apps/calculator{% else %}envrr{% endcase %}/{{ call[\"args\"][\"operation\"] }}{% capture inline_query_capture_876234 %}&x={% if call[\"args\"][\"x\"] != nil %}{{ call[\"args\"][\"x\"] }}{% else %}null{% endif %}&y={% if call[\"args\"][\"y\"] != nil %}{{ call[\"args\"][\"y\"] }}{% else %}null{% endif %}{% endcapture %}{% if inline_query_capture_876234.size > 0 %}?{% endif %}{{ inline_query_capture_876234 | remove_first:'&' }}\",\"headers\":{% capture header_capture_9023987234 %}{% endcapture %}{{ '{' }}{{ header_capture_9023987234 | remove_first:',' }}},\"body\":{{ '{' }}\"type\":\"none\"}}","Templates":{"PHP_GENERIC_LIB_V2":"{% if showFullCode %}<?php\n\nrequire_once \"vendor/autoload.php\";\n\r\n$client = new APIMATICCalculatorLib\\APIMATICCalculatorClient([{% if showFullCode == false %}\n    // Set the environment{% endif %}{% if environment != \"production\" or showFullCode == false %}\n    'environment' => {% if environment != nil %}'{{ environment | replace: \"\\\\\", \"\\\\\" | replace: \"'\", \"\\'\" }}'{% else %}null{% endif %},{% endif %}\n]);\r\n\r\n$simpleCalculatorController = $client->getSimpleCalculatorController();\r\n\r\n{% endif %}$collect = [];\n\r\n$operation = {% case call[\"args\"][\"operation\"] %}{% when 'SUM' %}Models\\OperationTypeEnum::SUM{% when 'SUBTRACT' %}Models\\OperationTypeEnum::SUBTRACT{% when 'MULTIPLY' %}Models\\OperationTypeEnum::MULTIPLY{% when 'DIVIDE' %}Models\\OperationTypeEnum::DIVIDE{% else %}envrr{% endcase %};\n$collect['operation'] = $operation;\n\n$x = {% if call[\"args\"][\"x\"] != nil %}{{ call[\"args\"][\"x\"] }}{% else %}null{% endif %};\n$collect['x'] = $x;\n\n$y = {% if call[\"args\"][\"y\"] != nil %}{{ call[\"args\"][\"y\"] }}{% else %}null{% endif %};\n$collect['y'] = $y;\n\n{% if showFullCode %}try {\n    {% endif %}$result = $simpleCalculatorController->getCalculate($collect);{% if showFullCode %}\n} catch (APIMATICCalculatorLib\\Exceptions\\ApiException $e) {\n    echo 'Caught ApiException: ',  $e->getMessage(), \"\\n\";\n}{% endif %}"},"Type":"compilablecodeblock"},"Response":null,"ServerName":null,"Id":null,"Type":"endpointreference"}],"PlaceholderId":null,"SuggestedLinkText":"Get Calculate","SuggestedLink":"$e/Simple%20Calculator/Calculate","SuggestedLinkLevel":3,"LinkLabel":null,"HideFromNavigation":false,"Type":"section"}],"PlaceholderId":null,"SuggestedLinkText":"Simple Calculator","SuggestedLink":"$e/Simple%20Calculator","SuggestedLinkLevel":2,"LinkLabel":null,"HideFromNavigation":false,"Type":"section"}],"PlaceholderId":"__api_reference","SuggestedLinkText":"API Reference","SuggestedLink":"$h/__api_reference","SuggestedLinkLevel":1,"LinkLabel":null,"HideFromNavigation":false,"Type":"section"},{"Title":"Model Reference","Nodes":[{"Title":"Enumerations","Nodes":[{"Text":"* [Operation Type]($m/Operation%20Type)","Type":"paragraph"},{"Title":"Operation Type","Nodes":[{"Elements":[{"Key":"SUM","Value":"Represents the sum operator"},{"Key":"SUBTRACT","Value":"Represents the subtract operator"},{"Key":"MULTIPLY","Value":"Represents the multiply operator"},{"Key":"DIVIDE","Value":"Represents the divide operator"}],"Title":"Operation Type","Name":"OperationTypeEnum","OriginalName":"Operation Type","Description":"Possible operators are sum, subtract, multiply, divide","BaseClass":null,"BaseClassLink":null,"StructureType":"Enum Type Name","ContainedTypesName":"Enum Constants","Example":null,"Id":null,"Type":"enumreference"}],"PlaceholderId":null,"SuggestedLinkText":"Operation Type","SuggestedLink":"$m/Operation%20Type","SuggestedLinkLevel":3,"LinkLabel":null,"HideFromNavigation":false,"Type":"section"}],"PlaceholderId":null,"SuggestedLinkText":"Enumerations","SuggestedLink":"$h/__model_reference/Enumerations","SuggestedLinkLevel":2,"LinkLabel":null,"HideFromNavigation":false,"Type":"section"}],"PlaceholderId":"__model_reference","SuggestedLinkText":"Model Reference","SuggestedLink":"$h/__model_reference","SuggestedLinkLevel":1,"LinkLabel":null,"HideFromNavigation":false,"Type":"section"},{"Title":"Utility Classes Documentation","Nodes":[],"PlaceholderId":"__utilities_documentation","SuggestedLinkText":"Utility Classes Documentation","SuggestedLink":"$h/__utilities_documentation","SuggestedLinkLevel":1,"LinkLabel":null,"HideFromNavigation":true,"Type":"section"},{"Title":"Common Code Documentation","Nodes":[{"Title":"ApiException","Nodes":[{"Text":"Thrown when there is a network error or HTTP response status code is not okay.","Type":"paragraph"},{"Level":1,"Text":"Methods","SuggestedLinkText":"Methods","SuggestedLink":"Methods","SuggestedLinkLevel":0,"LinkLabel":null,"HideFromNavigation":false,"Type":"heading"},{"Header":{"Data":["Name","Type","Description"],"Type":"tablerow"},"Rows":[{"Data":["getHttpRequest()","HttpRequest","Returns the HTTP request."],"Type":"tablerow"},{"Data":["getHttpResponse()","?HttpResponse","Returns the HTTP response."],"Type":"tablerow"},{"Data":["hasResponse()","bool","Is the response available?"],"Type":"tablerow"}],"Type":"table"}],"PlaceholderId":null,"SuggestedLinkText":"ApiException","SuggestedLink":"$h/__common_code_documentation/ApiException","SuggestedLinkLevel":2,"LinkLabel":null,"HideFromNavigation":false,"Type":"section"},{"Title":"HttpRequest","Nodes":[{"Text":"Represents a single Http Request.","Type":"paragraph"},{"Level":1,"Text":"Methods","SuggestedLinkText":"Methods","SuggestedLink":"Methods","SuggestedLinkLevel":0,"LinkLabel":null,"HideFromNavigation":false,"Type":"heading"},{"Header":{"Data":["Name","Type","Description"],"Type":"tablerow"},"Rows":[{"Data":["getHttpMethod()","string","The HTTP method of the request."],"Type":"tablerow"},{"Data":["getQueryUrl()  ","string","The endpoint URL for the API request."],"Type":"tablerow"},{"Data":["getHeaders()","array","Request headers."],"Type":"tablerow"},{"Data":["getParameters()","array","Input parameters for the body."],"Type":"tablerow"}],"Type":"table"}],"PlaceholderId":null,"SuggestedLinkText":"HttpRequest","SuggestedLink":"$h/__common_code_documentation/HttpRequest","SuggestedLinkLevel":2,"LinkLabel":null,"HideFromNavigation":false,"Type":"section"},{"Title":"HttpResponse","Nodes":[{"Text":"Http response received.","Type":"paragraph"},{"Level":1,"Text":"Methods","SuggestedLinkText":"Methods","SuggestedLink":"Methods","SuggestedLinkLevel":0,"LinkLabel":null,"HideFromNavigation":false,"Type":"heading"},{"Header":{"Data":["Name","Type","Description"],"Type":"tablerow"},"Rows":[{"Data":["getStatusCode()","int","The status code of the response."],"Type":"tablerow"},{"Data":["getHeaders()","array","Response headers."],"Type":"tablerow"},{"Data":["getRawBody()","string","Raw body of the response."],"Type":"tablerow"}],"Type":"table"}],"PlaceholderId":null,"SuggestedLinkText":"HttpResponse","SuggestedLink":"$h/__common_code_documentation/HttpResponse","SuggestedLinkLevel":2,"LinkLabel":null,"HideFromNavigation":false,"Type":"section"}],"PlaceholderId":"__common_code_documentation","SuggestedLinkText":"Common Code Documentation","SuggestedLink":"$h/__common_code_documentation","SuggestedLinkLevel":1,"LinkLabel":null,"HideFromNavigation":true,"Type":"section"}],"Type":"document"}