{"WhiteLabel":false,"NavItems":[{"Text":"Getting Started","Link":"$h/__getting_started","SubItems":[{"Text":"Introduction","Link":"$h/__intro","SubItems":[],"Label":null,"Skip":true,"IsExternal":false},{"Text":"Install the Package","Link":"$h/__how_to_install","SubItems":[],"Label":null,"Skip":true,"IsExternal":false},{"Text":"Building","Link":"$h/__how_to_build","SubItems":[],"Label":null,"Skip":true,"IsExternal":false},{"Text":"Installation","Link":"$h/__how_to_use","SubItems":[],"Label":null,"Skip":true,"IsExternal":false},{"Text":"Environments","Link":"$h/__enviroments","SubItems":[{"Text":"Production","Link":"$h/__getting_started/__enviroments/Production","SubItems":[],"Label":null,"Skip":false,"IsExternal":false}],"Label":null,"Skip":true,"IsExternal":false},{"Text":"Initialize the API Client","Link":"$h/__initializing","SubItems":[],"Label":null,"Skip":true,"IsExternal":false},{"Text":"Authorization","Link":"$h/__authorize","SubItems":[],"Label":null,"Skip":true,"IsExternal":false},{"Text":"Client Credentials Grant","Link":"$h/__client_credentials_grant","SubItems":[],"Label":null,"Skip":true,"IsExternal":false},{"Text":"Authorization Code Grant","Link":"$h/__authorization_code_grant","SubItems":[],"Label":null,"Skip":true,"IsExternal":false},{"Text":"Resource Owner Password Grant","Link":"$h/__resource_owner_password_grant","SubItems":[],"Label":null,"Skip":true,"IsExternal":false},{"Text":"Implicit Grant","Link":"$h/__implicit_grant","SubItems":[],"Label":null,"Skip":true,"IsExternal":false},{"Text":"Test the SDK","Link":"$h/__how_to_test","SubItems":[],"Label":null,"Skip":true,"IsExternal":false},{"Text":"API Errors","Link":"$h/__api_errors","SubItems":[],"Label":null,"Skip":true,"IsExternal":false}],"Label":null,"Skip":false,"IsExternal":false},{"Text":"Client Class Documentation","Link":"$h/__client_documentation","SubItems":[],"Label":null,"Skip":true,"IsExternal":false},{"Text":"API Reference","Link":"$h/__api_reference","SubItems":[{"Text":"List of APIs","Link":"$h/__list_of_apis","SubItems":[],"Label":null,"Skip":false,"IsExternal":false},{"Text":"Simple Calculator","Link":"$e/Simple%20Calculator","SubItems":[{"Text":"Get Calculate","Link":"$e/Simple%20Calculator/Calculate","SubItems":[],"Label":"http-get","Skip":false,"IsExternal":false}],"Label":null,"Skip":false,"IsExternal":false}],"Label":null,"Skip":false,"IsExternal":false},{"Text":"Model Reference","Link":"$h/__model_reference","SubItems":[{"Text":"Enumerations","Link":"$h/__model_reference/Enumerations","SubItems":[{"Text":"Operation Type","Link":"$m/Operation%20Type","SubItems":[],"Label":null,"Skip":false,"IsExternal":false}],"Label":null,"Skip":false,"IsExternal":false}],"Label":null,"Skip":false,"IsExternal":false},{"Text":"Utility Classes Documentation","Link":"$h/__utilities_documentation","SubItems":[],"Label":null,"Skip":true,"IsExternal":false},{"Text":"Common Code Documentation","Link":"$h/__common_code_documentation","SubItems":[],"Label":null,"Skip":true,"IsExternal":false}],"DataModel":{"showFullCode":false,"skipSslCertVerification":null,"config":{},"environment":"production","auth":null,"call":{"additionalQueryParams":null,"additionalFieldParams":null,"args":{}}},"DataModelSchema":{"type":"object","additionalProperties":false,"properties":{"showFullCode":{"title":"Show Complete File","description":"Show complete file for code, with bootstrap and error handling included.","type":"boolean"},"environment":{"title":"Environment","description":"Select an API environment","type":"string","default":"production","enum":["production"]}},"required":["showFullCode","environment"]},"PublishedPackage":null,"AuthHttpCallTemplate":null,"ApiAuthentication":null,"KnownLinkPrefixes":["page"],"Title":"Getting Started with APIMATIC Calculator","Sections":[{"Title":"Getting Started","Nodes":[{"Title":"Introduction","Nodes":[{"Text":"Simple calculator API hosted on APIMATIC\n\n","Type":"paragraph"}],"PlaceholderId":"__intro","SuggestedLinkText":"Introduction","SuggestedLink":"$h/__intro","SuggestedLinkLevel":2,"LinkLabel":null,"HideFromNavigation":true,"Type":"section"},{"Title":"Install the Package","Nodes":[],"PlaceholderId":"__how_to_install","SuggestedLinkText":"Install the Package","SuggestedLink":"$h/__how_to_install","SuggestedLinkLevel":2,"LinkLabel":null,"HideFromNavigation":true,"Type":"section"},{"Title":"Building","Nodes":[],"PlaceholderId":"__how_to_build","SuggestedLinkText":"Building","SuggestedLink":"$h/__how_to_build","SuggestedLinkLevel":2,"LinkLabel":null,"HideFromNavigation":true,"Type":"section"},{"Title":"Installation","Nodes":[],"PlaceholderId":"__how_to_use","SuggestedLinkText":"Installation","SuggestedLink":"$h/__how_to_use","SuggestedLinkLevel":2,"LinkLabel":null,"HideFromNavigation":true,"Type":"section"},{"Title":"Environments","Nodes":[{"Text":"This API has support for the following environment(s). Each environment has one or more base URIs defined.","Type":"paragraph"},{"Title":"Production","Nodes":[{"Text":"This environment connect to the LIVE calculator API","Type":"paragraph"},{"Header":{"Data":["Server","Base URI"],"Type":"tablerow"},"Rows":[{"Data":["Calculator","`https://examples.apimatic.io/apps/calculator`"],"Type":"tablerow"}],"Type":"table"}],"PlaceholderId":null,"SuggestedLinkText":"Production","SuggestedLink":"$h/__getting_started/__enviroments/Production","SuggestedLinkLevel":3,"LinkLabel":null,"HideFromNavigation":false,"Type":"section"},{"Text":"The default environment is **production** and the default server is **Calculator**.","Type":"paragraph"}],"PlaceholderId":"__enviroments","SuggestedLinkText":"Environments","SuggestedLink":"$h/__enviroments","SuggestedLinkLevel":2,"LinkLabel":null,"HideFromNavigation":true,"Type":"section"},{"Title":"Initialize the API Client","Nodes":[],"PlaceholderId":"__initializing","SuggestedLinkText":"Initialize the API Client","SuggestedLink":"$h/__initializing","SuggestedLinkLevel":2,"LinkLabel":null,"HideFromNavigation":true,"Type":"section"},{"Title":"Authorization","Nodes":[],"PlaceholderId":"__authorize","SuggestedLinkText":"Authorization","SuggestedLink":"$h/__authorize","SuggestedLinkLevel":2,"LinkLabel":null,"HideFromNavigation":true,"Type":"section"},{"Title":"Client Credentials Grant","Nodes":[],"PlaceholderId":"__client_credentials_grant","SuggestedLinkText":"Client Credentials Grant","SuggestedLink":"$h/__client_credentials_grant","SuggestedLinkLevel":2,"LinkLabel":null,"HideFromNavigation":true,"Type":"section"},{"Title":"Authorization Code Grant","Nodes":[],"PlaceholderId":"__authorization_code_grant","SuggestedLinkText":"Authorization Code Grant","SuggestedLink":"$h/__authorization_code_grant","SuggestedLinkLevel":2,"LinkLabel":null,"HideFromNavigation":true,"Type":"section"},{"Title":"Resource Owner Password Grant","Nodes":[],"PlaceholderId":"__resource_owner_password_grant","SuggestedLinkText":"Resource Owner Password Grant","SuggestedLink":"$h/__resource_owner_password_grant","SuggestedLinkLevel":2,"LinkLabel":null,"HideFromNavigation":true,"Type":"section"},{"Title":"Implicit Grant","Nodes":[],"PlaceholderId":"__implicit_grant","SuggestedLinkText":"Implicit Grant","SuggestedLink":"$h/__implicit_grant","SuggestedLinkLevel":2,"LinkLabel":null,"HideFromNavigation":true,"Type":"section"},{"Title":"Test the SDK","Nodes":[],"PlaceholderId":"__how_to_test","SuggestedLinkText":"Test the SDK","SuggestedLink":"$h/__how_to_test","SuggestedLinkLevel":2,"LinkLabel":null,"HideFromNavigation":true,"Type":"section"},{"Title":"API Errors","Nodes":[],"PlaceholderId":"__api_errors","SuggestedLinkText":"API Errors","SuggestedLink":"$h/__api_errors","SuggestedLinkLevel":2,"LinkLabel":null,"HideFromNavigation":true,"Type":"section"}],"PlaceholderId":"__getting_started","SuggestedLinkText":"Getting Started","SuggestedLink":"$h/__getting_started","SuggestedLinkLevel":1,"LinkLabel":null,"HideFromNavigation":false,"Type":"section"},{"Title":"Client Class Documentation","Nodes":[],"PlaceholderId":"__client_documentation","SuggestedLinkText":"Client Class Documentation","SuggestedLink":"$h/__client_documentation","SuggestedLinkLevel":1,"LinkLabel":null,"HideFromNavigation":true,"Type":"section"},{"Title":"API Reference","Nodes":[{"Title":"List of APIs","Nodes":[{"Text":"* [Simple Calculator]($e/Simple%20Calculator)","Type":"paragraph"}],"PlaceholderId":null,"SuggestedLinkText":"List of APIs","SuggestedLink":"$h/__list_of_apis","SuggestedLinkLevel":2,"LinkLabel":null,"HideFromNavigation":false,"Type":"section"},{"Title":"Simple Calculator","Nodes":[{"Title":"Get Calculate","Nodes":[{"Title":"Get Calculate","Name":"Calculate","Description":"Calculates the expression using the specified operation.\n\r\n","ReturnType":"Decimal","ReturnTypeLink":null,"ResponseText":"","ReturnTypeExample":null,"RequiresAuthentication":false,"MethodSignature":{"Text":"GET /{operation}","Language":"http","Type":"codeblock"},"Parameters":[{"Name":"operation","GenericName":"operation","DataType":"Operation Type","Description":"The operator to apply on the variables","Required":true,"LinkTo":"$m/Operation%20Type","Constant":false,"ParamType":"Template","DataTypeMarkdown":null,"ContainerTypes":null,"TypeCombinatorTypes":null,"Getter":null,"Setter":null,"Type":"paraminfo"},{"Name":"x","GenericName":"x","DataType":"Decimal","Description":"The LHS value","Required":true,"LinkTo":"","Constant":false,"ParamType":"Query","DataTypeMarkdown":null,"ContainerTypes":null,"TypeCombinatorTypes":null,"Getter":null,"Setter":null,"Type":"paraminfo"},{"Name":"y","GenericName":"y","DataType":"Decimal","Description":"The RHS value","Required":true,"LinkTo":"","Constant":false,"ParamType":"Query","DataTypeMarkdown":null,"ContainerTypes":null,"TypeCombinatorTypes":null,"Getter":null,"Setter":null,"Type":"paraminfo"}],"Scopes":[],"Errors":[],"StaticUsageExample":null,"UsageExample":{"EndpointGroupName":"Simple Calculator","EndpointName":"Calculate","Index":0,"CallModel":{"additionalQueryParams":null,"additionalFieldParams":null,"args":{"operation":"MULTIPLY","x":222.14,"y":165.14}},"CallModelSchema":{"title":"Endpoint Arguments","type":"object","additionalProperties":false,"properties":{"args":{"id":"endpoint_7C26ABBCDB1F9","title":"endpoint_7C26ABBCDB1F9","type":"object","properties":{"operation":{"title":"Operation Type","description":"The operator to apply on the variables","x-enum-elements":[{"name":"SUM","description":"Represents the sum operator"},{"name":"SUBTRACT","description":"Represents the subtract operator"},{"name":"MULTIPLY","description":"Represents the multiply operator"},{"name":"DIVIDE","description":"Represents the divide operator"}],"type":"string","enum":["SUM","SUBTRACT","MULTIPLY","DIVIDE"]},"x":{"description":"The LHS value","type":"number"},"y":{"description":"The RHS value","type":"number"}},"required":["operation","x","y"]}},"required":["args"]},"HttpCallTemplate":"{\"method\":\"GET\",\"url\":\"{% case environment %}{% when \"production\" %}https://examples.apimatic.io/apps/calculator{% else %}envrr{% endcase %}/{{ call[\"args\"][\"operation\"] }}{% capture inline_query_capture_876234 %}&x={% if call[\"args\"][\"x\"] != nil %}{{ call[\"args\"][\"x\"] }}{% else %}null{% endif %}&y={% if call[\"args\"][\"y\"] != nil %}{{ call[\"args\"][\"y\"] }}{% else %}null{% endif %}{% endcapture %}{% if inline_query_capture_876234.size > 0 %}?{% endif %}{{ inline_query_capture_876234 | remove_first:'&' }}\",\"headers\":{% capture header_capture_9023987234 %}{% endcapture %}{{ '{' }}{{ header_capture_9023987234 | remove_first:',' }}},\"body\":{{ '{' }}\"type\":\"none\"}}","Templates":{"HTTP_CURL_V1":"curl -X GET -G \\\n  --url '{% case environment %}{% when 'production' %}https://examples.apimatic.io/apps/calculator{% else %}envrr{% endcase %}/{{ call[\"args\"][\"operation\"] }}'  \\\n  -d 'x={% if call[\"args\"][\"x\"] != nil %}{{ call[\"args\"][\"x\"] }}{% else %}{% endif %}' \\\n  -d 'y={% if call[\"args\"][\"y\"] != nil %}{{ call[\"args\"][\"y\"] }}{% else %}{% endif %}'"},"Type":"compilablecodeblock"},"Response":null,"ServerName":null,"Id":null,"Type":"endpointreference"}],"PlaceholderId":null,"SuggestedLinkText":"Get Calculate","SuggestedLink":"$e/Simple%20Calculator/Calculate","SuggestedLinkLevel":3,"LinkLabel":"http-get","HideFromNavigation":false,"Type":"section"}],"PlaceholderId":null,"SuggestedLinkText":"Simple Calculator","SuggestedLink":"$e/Simple%20Calculator","SuggestedLinkLevel":2,"LinkLabel":null,"HideFromNavigation":false,"Type":"section"}],"PlaceholderId":"__api_reference","SuggestedLinkText":"API Reference","SuggestedLink":"$h/__api_reference","SuggestedLinkLevel":1,"LinkLabel":null,"HideFromNavigation":false,"Type":"section"},{"Title":"Model Reference","Nodes":[{"Title":"Enumerations","Nodes":[{"Text":"* [Operation Type]($m/Operation%20Type)","Type":"paragraph"},{"Title":"Operation Type","Nodes":[{"Elements":[{"Key":"SUM","Value":"Represents the sum operator"},{"Key":"SUBTRACT","Value":"Represents the subtract operator"},{"Key":"MULTIPLY","Value":"Represents the multiply operator"},{"Key":"DIVIDE","Value":"Represents the divide operator"}],"Title":"Operation Type","Name":"Operation TypeEnum","OriginalName":"Operation Type","Description":"Possible operators are sum, subtract, multiply, divide","BaseClass":null,"BaseClassLink":null,"StructureType":null,"ContainedTypesName":null,"Example":null,"Id":null,"Type":"enumreference"}],"PlaceholderId":null,"SuggestedLinkText":"Operation Type","SuggestedLink":"$m/Operation%20Type","SuggestedLinkLevel":3,"LinkLabel":null,"HideFromNavigation":false,"Type":"section"}],"PlaceholderId":null,"SuggestedLinkText":"Enumerations","SuggestedLink":"$h/__model_reference/Enumerations","SuggestedLinkLevel":2,"LinkLabel":null,"HideFromNavigation":false,"Type":"section"}],"PlaceholderId":"__model_reference","SuggestedLinkText":"Model Reference","SuggestedLink":"$h/__model_reference","SuggestedLinkLevel":1,"LinkLabel":null,"HideFromNavigation":false,"Type":"section"},{"Title":"Utility Classes Documentation","Nodes":[],"PlaceholderId":"__utilities_documentation","SuggestedLinkText":"Utility Classes Documentation","SuggestedLink":"$h/__utilities_documentation","SuggestedLinkLevel":1,"LinkLabel":null,"HideFromNavigation":true,"Type":"section"},{"Title":"Common Code Documentation","Nodes":[],"PlaceholderId":"__common_code_documentation","SuggestedLinkText":"Common Code Documentation","SuggestedLink":"$h/__common_code_documentation","SuggestedLinkLevel":1,"LinkLabel":null,"HideFromNavigation":true,"Type":"section"}],"Type":"document"}