{"WhiteLabel":false,"NavItems":[{"Text":"Getting Started","Link":"$h/__getting_started","SubItems":[{"Text":"Introduction","Link":"$h/__intro","SubItems":[],"Label":null,"Skip":true,"IsExternal":false},{"Text":"Install the Package","Link":"$h/__how_to_install","SubItems":[],"Label":null,"Skip":true,"IsExternal":false},{"Text":"Building","Link":"$h/__how_to_build","SubItems":[],"Label":null,"Skip":true,"IsExternal":false},{"Text":"Installation","Link":"$h/__how_to_use","SubItems":[],"Label":null,"Skip":true,"IsExternal":false},{"Text":"Environments","Link":"$h/__enviroments","SubItems":[],"Label":null,"Skip":true,"IsExternal":false},{"Text":"Initialize the API Client","Link":"$h/__initializing","SubItems":[],"Label":null,"Skip":true,"IsExternal":false},{"Text":"Authorization","Link":"$h/__authorize","SubItems":[],"Label":null,"Skip":true,"IsExternal":false},{"Text":"Client Credentials Grant","Link":"$h/__client_credentials_grant","SubItems":[],"Label":null,"Skip":true,"IsExternal":false},{"Text":"Authorization Code Grant","Link":"$h/__authorization_code_grant","SubItems":[],"Label":null,"Skip":true,"IsExternal":false},{"Text":"Resource Owner Password Grant","Link":"$h/__resource_owner_password_grant","SubItems":[],"Label":null,"Skip":true,"IsExternal":false},{"Text":"Implicit Grant","Link":"$h/__implicit_grant","SubItems":[],"Label":null,"Skip":true,"IsExternal":false},{"Text":"Test the SDK","Link":"$h/__how_to_test","SubItems":[],"Label":null,"Skip":true,"IsExternal":false},{"Text":"API Errors","Link":"$h/__api_errors","SubItems":[],"Label":null,"Skip":true,"IsExternal":false}],"Label":null,"Skip":false,"IsExternal":false},{"Text":"Client Class Documentation","Link":"$h/__client_documentation","SubItems":[{"Text":"APIMATIC Calculator Client","Link":"APIMATIC Calculator Client","SubItems":[],"Label":null,"Skip":false,"IsExternal":false},{"Text":"Controllers","Link":"Controllers","SubItems":[],"Label":null,"Skip":false,"IsExternal":false}],"Label":null,"Skip":true,"IsExternal":false},{"Text":"API Reference","Link":"$h/__api_reference","SubItems":[{"Text":"List of APIs","Link":"$h/__list_of_apis","SubItems":[],"Label":null,"Skip":false,"IsExternal":false},{"Text":"Simple Calculator","Link":"$e/Simple%20Calculator","SubItems":[{"Text":"Overview","Link":"$h/__api_reference/Simple%20Calculator/Overview","SubItems":[{"Text":"Get instance","Link":"$h/__api_reference/Simple%20Calculator/Overview/Get%20instance","SubItems":[],"Label":null,"Skip":true,"IsExternal":false}],"Label":"endpoint-group-overview","Skip":false,"IsExternal":false},{"Text":"Get Calculate","Link":"$e/Simple%20Calculator/Calculate","SubItems":[],"Label":null,"Skip":false,"IsExternal":false}],"Label":null,"Skip":false,"IsExternal":false}],"Label":null,"Skip":false,"IsExternal":false},{"Text":"Model Reference","Link":"$h/__model_reference","SubItems":[{"Text":"Enumerations","Link":"$h/__model_reference/Enumerations","SubItems":[{"Text":"Operation Type","Link":"$m/Operation%20Type","SubItems":[],"Label":null,"Skip":false,"IsExternal":false}],"Label":null,"Skip":false,"IsExternal":false}],"Label":null,"Skip":false,"IsExternal":false},{"Text":"Utility Classes Documentation","Link":"$h/__utilities_documentation","SubItems":[{"Text":"ApiHelper","Link":"$h/__utilities_documentation/ApiHelper","SubItems":[{"Text":"Methods","Link":"Methods","SubItems":[],"Label":null,"Skip":false,"IsExternal":false},{"Text":"Classes","Link":"Classes","SubItems":[],"Label":null,"Skip":false,"IsExternal":false}],"Label":null,"Skip":false,"IsExternal":false}],"Label":null,"Skip":true,"IsExternal":false},{"Text":"Common Code Documentation","Link":"$h/__common_code_documentation","SubItems":[{"Text":"HttpResponse","Link":"$h/__common_code_documentation/HttpResponse","SubItems":[{"Text":"Parameters","Link":"Parameters","SubItems":[],"Label":null,"Skip":false,"IsExternal":false}],"Label":null,"Skip":false,"IsExternal":false},{"Text":"HttpRequest","Link":"$h/__common_code_documentation/HttpRequest","SubItems":[{"Text":"Parameters","Link":"Parameters","SubItems":[],"Label":null,"Skip":false,"IsExternal":false}],"Label":null,"Skip":false,"IsExternal":false}],"Label":null,"Skip":true,"IsExternal":false}],"DataModel":{"showFullCode":false,"skipSslCertVerification":null,"config":{},"environment":"production","auth":null,"call":{"additionalQueryParams":null,"additionalFieldParams":null,"args":{}}},"DataModelSchema":{"type":"object","additionalProperties":false,"properties":{"showFullCode":{"title":"Show Complete File","description":"Show complete file for code, with bootstrap and error handling included.","type":"boolean"},"environment":{"title":"Environment","description":"Select an API environment","type":"string","default":"production","enum":["production"]}},"required":["showFullCode","environment"]},"PublishedPackage":null,"AuthHttpCallTemplate":null,"ApiAuthentication":null,"KnownLinkPrefixes":["page"],"Title":"Getting Started with APIMATIC Calculator","Sections":[{"Title":"Getting Started","Nodes":[{"Title":"Introduction","Nodes":[{"Text":"Simple calculator API hosted on APIMATIC\n\n","Type":"paragraph"}],"PlaceholderId":"__intro","SuggestedLinkText":"Introduction","SuggestedLink":"$h/__intro","SuggestedLinkLevel":2,"LinkLabel":null,"HideFromNavigation":true,"Type":"section"},{"Title":"Install the Package","Nodes":[],"PlaceholderId":"__how_to_install","SuggestedLinkText":"Install the Package","SuggestedLink":"$h/__how_to_install","SuggestedLinkLevel":2,"LinkLabel":null,"HideFromNavigation":true,"Type":"section"},{"Title":"Building","Nodes":[{"Text":"You must have Python ```3 >=3.7, <= 3.9``` installed on your system to install and run this SDK. This SDK package depends on other Python packages like nose, jsonpickle etc. These dependencies are defined in the ```requirements.txt``` file that comes with the SDK. To resolve these dependencies, you can use the PIP Dependency manager. Install it by following steps at [https://pip.pypa.io/en/stable/installing/](https://pip.pypa.io/en/stable/installing/).","Type":"paragraph"},{"Text":"Python and PIP executables should be defined in your PATH. Open command prompt and type ```pip --version```. This should display the version of the PIP Dependency Manager installed if your installation was successful and the paths are properly defined.","Type":"paragraph"},{"Text":" * Using command line, navigate to the directory containing the generated files (including ```requirements.txt```) for the SDK.\n* Run the command ```pip install -r requirements.txt```. This should install all the required dependencies.","Type":"paragraph"},{"Url":"/static/images/PYTHON_GENERIC_LIB/file0.svg","AlterateText":"Building SDK - Step 1","Type":"image"}],"PlaceholderId":"__how_to_build","SuggestedLinkText":"Building","SuggestedLink":"$h/__how_to_build","SuggestedLinkLevel":2,"LinkLabel":null,"HideFromNavigation":true,"Type":"section"},{"Title":"Installation","Nodes":[{"Text":"The following section explains how to use the apimaticcalculator library in a new project.","Type":"paragraph"},{"Steps":[{"Nodes":[{"Text":"Open up a Python IDE like PyCharm. The basic workflow presented here is also applicable if you prefer using a different editor or IDE.","Type":"paragraph"},{"Url":"/static/images/PYTHON_GENERIC_LIB/file1.svg","AlterateText":"Open project in PyCharm - Step 1","Type":"image"},{"Text":"Click on `Open` in PyCharm to browse to your generated SDK directory and then click `OK`.","Type":"paragraph"},{"Url":"/static/images/PYTHON_GENERIC_LIB/file2.svg","AlterateText":"Open project in PyCharm - Step 2","Type":"image"},{"Text":"The project files will be displayed in the side bar as follows:","Type":"paragraph"},{"Url":"/static/images/PYTHON_GENERIC_LIB/file3.svg","AlterateText":"Open project in PyCharm - Step 3","Type":"image"}],"Title":"Open Project in an IDE","Type":"step"},{"Nodes":[{"Text":"Create a new directory by right clicking on the solution name as shown below:","Type":"paragraph"},{"Url":"/static/images/PYTHON_GENERIC_LIB/file4.svg","AlterateText":"Add a new project in PyCharm - Step 1","Type":"image"},{"Text":"Name the directory as \"test\".","Type":"paragraph"},{"Url":"/static/images/PYTHON_GENERIC_LIB/file5.svg","AlterateText":"Add a new project in PyCharm - Step 2","Type":"image"},{"Text":"Add a python file to this project.","Type":"paragraph"},{"Url":"/static/images/PYTHON_GENERIC_LIB/file6.svg","AlterateText":"Add a new project in PyCharm - Step 3","Type":"image"},{"Text":"Name it \"testSDK\".","Type":"paragraph"},{"Url":"/static/images/PYTHON_GENERIC_LIB/file7.svg","AlterateText":"Add a new project in PyCharm - Step 4","Type":"image"},{"Text":"In your python file you will be required to import the generated python library using the following code lines\n","Type":"paragraph"},{"Text":"from apimaticcalculator.apimaticcalculator_client import ApimaticcalculatorClient","Language":"python","Type":"codeblock"},{"Url":"/static/images/PYTHON_GENERIC_LIB/file8.svg","AlterateText":"Add a new project in PyCharm - Step 5","Type":"image"},{"Text":"After this you can write code to instantiate an API client object, get a controller object and  make API calls. Sample code is given in the subsequent sections.","Type":"paragraph"}],"Title":"Add a new Test Project","Type":"step"},{"Nodes":[{"Text":"To run the file within your test project, right click on your Python file inside your Test project and click on `Run`","Type":"paragraph"},{"Url":"/static/images/PYTHON_GENERIC_LIB/file9.svg","AlterateText":"Run Test Project - Step 1","Type":"image"}],"Title":"Run the Test Project","Type":"step"}],"Type":"steppedguide"}],"PlaceholderId":"__how_to_use","SuggestedLinkText":"Installation","SuggestedLink":"$h/__how_to_use","SuggestedLinkLevel":2,"LinkLabel":null,"HideFromNavigation":true,"Type":"section"},{"Title":"Environments","Nodes":[],"PlaceholderId":"__enviroments","SuggestedLinkText":"Environments","SuggestedLink":"$h/__enviroments","SuggestedLinkLevel":2,"LinkLabel":null,"HideFromNavigation":true,"Type":"section"},{"Title":"Initialize the API Client","Nodes":[{"Text":"The following parameters are configurable for the API Client:","Type":"paragraph"},{"Header":{"Data":["Parameter","Type","Description"],"Type":"tablerow"},"Rows":[{"Data":["`environment`","Environment","The API environment. <br> **Default: `Environment.PRODUCTION`**"],"Type":"tablerow"},{"Data":["`http_client_instance`","`HttpClient`","The Http Client passed from the sdk user for making requests"],"Type":"tablerow"},{"Data":["`override_http_client_configuration`","`bool`","The value which determines to override properties of the passed Http Client from the sdk user"],"Type":"tablerow"},{"Data":["`http_call_back`","`HttpCallBack`"," The callback value that is invoked before and after an HTTP call is made to an endpoint"],"Type":"tablerow"},{"Data":["`timeout`","`float`","The value to use for connection timeout. <br> **Default: 60**"],"Type":"tablerow"},{"Data":["`max_retries`","`int`","The number of times to retry an endpoint call if it fails. <br> **Default: 0**"],"Type":"tablerow"},{"Data":["`backoff_factor`","`float`","A backoff factor to apply between attempts after the second try. <br> **Default: 2**"],"Type":"tablerow"},{"Data":["`retry_statuses`","`Array of int`","The http statuses on which retry is to be done. <br> **Default: [408, 413, 429, 500, 502, 503, 504, 521, 522, 524, 408, 413, 429, 500, 502, 503, 504, 521, 522, 524]**"],"Type":"tablerow"},{"Data":["`retry_methods`","`Array of string`","The http methods on which retry is to be done. <br> **Default: ['GET', 'PUT', 'GET', 'PUT']**"],"Type":"tablerow"}],"Type":"table"},{"Text":"The API client can be initialized as follows:","Type":"paragraph"},{"Text":"from apimaticcalculator.apimaticcalculator_client import ApimaticcalculatorClient\r\nfrom apimaticcalculator.configuration import Environment\r\n\r\nclient = ApimaticcalculatorClient(\n    environment=Environment.PRODUCTION,)","Language":"python","Type":"codeblock"}],"PlaceholderId":"__initializing","SuggestedLinkText":"Initialize the API Client","SuggestedLink":"$h/__initializing","SuggestedLinkLevel":2,"LinkLabel":null,"HideFromNavigation":true,"Type":"section"},{"Title":"Authorization","Nodes":[],"PlaceholderId":"__authorize","SuggestedLinkText":"Authorization","SuggestedLink":"$h/__authorize","SuggestedLinkLevel":2,"LinkLabel":null,"HideFromNavigation":true,"Type":"section"},{"Title":"Client Credentials Grant","Nodes":[],"PlaceholderId":"__client_credentials_grant","SuggestedLinkText":"Client Credentials Grant","SuggestedLink":"$h/__client_credentials_grant","SuggestedLinkLevel":2,"LinkLabel":null,"HideFromNavigation":true,"Type":"section"},{"Title":"Authorization Code Grant","Nodes":[],"PlaceholderId":"__authorization_code_grant","SuggestedLinkText":"Authorization Code Grant","SuggestedLink":"$h/__authorization_code_grant","SuggestedLinkLevel":2,"LinkLabel":null,"HideFromNavigation":true,"Type":"section"},{"Title":"Resource Owner Password Grant","Nodes":[],"PlaceholderId":"__resource_owner_password_grant","SuggestedLinkText":"Resource Owner Password Grant","SuggestedLink":"$h/__resource_owner_password_grant","SuggestedLinkLevel":2,"LinkLabel":null,"HideFromNavigation":true,"Type":"section"},{"Title":"Implicit Grant","Nodes":[],"PlaceholderId":"__implicit_grant","SuggestedLinkText":"Implicit Grant","SuggestedLink":"$h/__implicit_grant","SuggestedLinkLevel":2,"LinkLabel":null,"HideFromNavigation":true,"Type":"section"},{"Title":"Test the SDK","Nodes":[{"Text":"You can test the generated SDK and the server with test cases. `unittest` is used as the testing framework and `nose` is used as the test runner. You can run the tests as follows:","Type":"paragraph"},{"Text":"Navigate to the root directory of the SDK and run the following commands\n```\npip install -r test-requirements.txt\nnosetests\n","Type":"paragraph"}],"PlaceholderId":"__how_to_test","SuggestedLinkText":"Test the SDK","SuggestedLink":"$h/__how_to_test","SuggestedLinkLevel":2,"LinkLabel":null,"HideFromNavigation":true,"Type":"section"},{"Title":"API Errors","Nodes":[],"PlaceholderId":"__api_errors","SuggestedLinkText":"API Errors","SuggestedLink":"$h/__api_errors","SuggestedLinkLevel":2,"LinkLabel":null,"HideFromNavigation":true,"Type":"section"}],"PlaceholderId":"__getting_started","SuggestedLinkText":"Getting Started","SuggestedLink":"$h/__getting_started","SuggestedLinkLevel":1,"LinkLabel":null,"HideFromNavigation":false,"Type":"section"},{"Title":"Client Class Documentation","Nodes":[{"Level":1,"Text":"APIMATIC Calculator Client","SuggestedLinkText":"APIMATIC Calculator Client","SuggestedLink":"APIMATIC Calculator Client","SuggestedLinkLevel":0,"LinkLabel":null,"HideFromNavigation":false,"Type":"heading"},{"Text":" The gateway for the SDK. This class acts as a factory for the Controllers and also holds the configuration of the SDK.","Type":"paragraph"},{"Level":1,"Text":"Controllers","SuggestedLinkText":"Controllers","SuggestedLink":"Controllers","SuggestedLinkLevel":0,"LinkLabel":null,"HideFromNavigation":false,"Type":"heading"},{"Header":{"Data":["Name","Description"],"Type":"tablerow"},"Rows":[{"Data":["simple_calculator","Gets SimpleCalculatorController"],"Type":"tablerow"}],"Type":"table"}],"PlaceholderId":"__client_documentation","SuggestedLinkText":"Client Class Documentation","SuggestedLink":"$h/__client_documentation","SuggestedLinkLevel":1,"LinkLabel":null,"HideFromNavigation":true,"Type":"section"},{"Title":"API Reference","Nodes":[{"Title":"List of APIs","Nodes":[{"Text":"* [Simple Calculator]($e/Simple%20Calculator)","Type":"paragraph"}],"PlaceholderId":null,"SuggestedLinkText":"List of APIs","SuggestedLink":"$h/__list_of_apis","SuggestedLinkLevel":2,"LinkLabel":null,"HideFromNavigation":false,"Type":"section"},{"Title":"Simple Calculator","Nodes":[{"Title":"Overview","Nodes":[{"Title":"Get instance","Nodes":[{"Text":"An instance of the `SimpleCalculatorController` class can be accessed from the API Client.","Type":"paragraph"},{"Text":"simple_calculator_controller = client.simple_calculator","Language":null,"Type":"codeblock"}],"PlaceholderId":null,"SuggestedLinkText":"Get instance","SuggestedLink":"$h/__api_reference/Simple%20Calculator/Overview/Get%20instance","SuggestedLinkLevel":4,"LinkLabel":null,"HideFromNavigation":true,"Type":"section"}],"PlaceholderId":null,"SuggestedLinkText":"Overview","SuggestedLink":"$h/__api_reference/Simple%20Calculator/Overview","SuggestedLinkLevel":3,"LinkLabel":"endpoint-group-overview","HideFromNavigation":false,"Type":"section"},{"Title":"Get Calculate","Nodes":[{"Title":"Get Calculate","Name":"get_calculate","Description":"Calculates the expression using the specified operation.\n\r\n","ReturnType":"float","ReturnTypeLink":null,"ResponseText":"","ReturnTypeExample":null,"RequiresAuthentication":false,"MethodSignature":{"Text":"def get_calculate(self,\r\n                 options=dict())","Language":"python","Type":"codeblock"},"Parameters":[{"Name":"operation","GenericName":"operation","DataType":"OperationTypeEnum","Description":"The operator to apply on the variables","Required":true,"LinkTo":"$m/Operation%20Type","Constant":false,"ParamType":"Template","DataTypeMarkdown":null,"ContainerTypes":null,"TypeCombinatorTypes":null,"Getter":null,"Setter":null,"Type":"paraminfo"},{"Name":"x","GenericName":"x","DataType":"float","Description":"The LHS value","Required":true,"LinkTo":"","Constant":false,"ParamType":"Query","DataTypeMarkdown":null,"ContainerTypes":null,"TypeCombinatorTypes":null,"Getter":null,"Setter":null,"Type":"paraminfo"},{"Name":"y","GenericName":"y","DataType":"float","Description":"The RHS value","Required":true,"LinkTo":"","Constant":false,"ParamType":"Query","DataTypeMarkdown":null,"ContainerTypes":null,"TypeCombinatorTypes":null,"Getter":null,"Setter":null,"Type":"paraminfo"}],"Scopes":[],"Errors":[],"StaticUsageExample":null,"UsageExample":{"EndpointGroupName":"Simple Calculator","EndpointName":"Calculate","Index":0,"CallModel":{"additionalQueryParams":null,"additionalFieldParams":null,"args":{"operation":"MULTIPLY","x":222.14,"y":165.14}},"CallModelSchema":{"title":"Endpoint Arguments","type":"object","additionalProperties":false,"properties":{"args":{"id":"endpoint_7C26ABBCDB1F9","title":"endpoint_7C26ABBCDB1F9","type":"object","properties":{"operation":{"title":"Operation Type","description":"The operator to apply on the variables","x-enum-elements":[{"name":"SUM","description":"Represents the sum operator"},{"name":"SUBTRACT","description":"Represents the subtract operator"},{"name":"MULTIPLY","description":"Represents the multiply operator"},{"name":"DIVIDE","description":"Represents the divide operator"}],"type":"string","enum":["SUM","SUBTRACT","MULTIPLY","DIVIDE"]},"x":{"description":"The LHS value","type":"number"},"y":{"description":"The RHS value","type":"number"}},"required":["operation","x","y"]}},"required":["args"]},"HttpCallTemplate":"{\"method\":\"GET\",\"url\":\"{% case environment %}{% when \"production\" %}https://examples.apimatic.io/apps/calculator{% else %}envrr{% endcase %}/{{ call[\"args\"][\"operation\"] }}{% capture inline_query_capture_876234 %}&x={% if call[\"args\"][\"x\"] != nil %}{{ call[\"args\"][\"x\"] }}{% else %}null{% endif %}&y={% if call[\"args\"][\"y\"] != nil %}{{ call[\"args\"][\"y\"] }}{% else %}null{% endif %}{% endcapture %}{% if inline_query_capture_876234.size > 0 %}?{% endif %}{{ inline_query_capture_876234 | remove_first:'&' }}\",\"headers\":{% capture header_capture_9023987234 %}{% endcapture %}{{ '{' }}{{ header_capture_9023987234 | remove_first:',' }}},\"body\":{{ '{' }}\"type\":\"none\"}}","Templates":{"PYTHON_GENERIC_LIB":"{% if showFullCode %}from apimaticcalculator.models.operation_type_enum import OperationTypeEnum\r\nfrom apimaticcalculator.exceptions.api_exception import APIException\r\n{% endif %}{% if showFullCode %}from apimaticcalculator.apimaticcalculator_client import ApimaticcalculatorClient\r\nfrom apimaticcalculator.configuration import Environment\r\n\r\nclient = ApimaticcalculatorClient({% if environment != \"production\" or showFullCode == false %}\n    environment={% case environment %}{% when 'production' %}Environment.PRODUCTION{% else %}Environment.PRODUCTION{% endcase %},{% endif %})\r\n\r\nsimple_calculator_controller = client.simple_calculator\r\n{% endif %}collect = {}\noperation = {% case call[\"args\"][\"operation\"] %}{% when 'SUM' %}OperationTypeEnum.SUM{% when 'SUBTRACT' %}OperationTypeEnum.SUBTRACT{% when 'MULTIPLY' %}OperationTypeEnum.MULTIPLY{% when 'DIVIDE' %}OperationTypeEnum.DIVIDE{% else %}envrr{% endcase %}\ncollect['operation'] = operation\n\nx = {% if call[\"args\"][\"x\"] != nil %}{{ call[\"args\"][\"x\"] }}{% else %}None{% endif %}\ncollect['x'] = x\n\ny = {% if call[\"args\"][\"y\"] != nil %}{{ call[\"args\"][\"y\"] }}{% else %}None{% endif %}\ncollect['y'] = y\n\n{% if showFullCode %}try:\n{% endif %}{% if showFullCode %}    {% endif %}result = simple_calculator_controller.get_calculate(collect){% if showFullCode %}\nexcept APIException as e: \n    print(e)\n{% endif %}"},"Type":"compilablecodeblock"},"Response":null,"ServerName":null,"Id":null,"Type":"endpointreference"}],"PlaceholderId":null,"SuggestedLinkText":"Get Calculate","SuggestedLink":"$e/Simple%20Calculator/Calculate","SuggestedLinkLevel":3,"LinkLabel":null,"HideFromNavigation":false,"Type":"section"}],"PlaceholderId":null,"SuggestedLinkText":"Simple Calculator","SuggestedLink":"$e/Simple%20Calculator","SuggestedLinkLevel":2,"LinkLabel":null,"HideFromNavigation":false,"Type":"section"}],"PlaceholderId":"__api_reference","SuggestedLinkText":"API Reference","SuggestedLink":"$h/__api_reference","SuggestedLinkLevel":1,"LinkLabel":null,"HideFromNavigation":false,"Type":"section"},{"Title":"Model Reference","Nodes":[{"Title":"Enumerations","Nodes":[{"Text":"* [Operation Type]($m/Operation%20Type)","Type":"paragraph"},{"Title":"Operation Type","Nodes":[{"Elements":[{"Key":"SUM","Value":"Represents the sum operator"},{"Key":"SUBTRACT","Value":"Represents the subtract operator"},{"Key":"MULTIPLY","Value":"Represents the multiply operator"},{"Key":"DIVIDE","Value":"Represents the divide operator"}],"Title":"Operation Type","Name":"OperationTypeEnum","OriginalName":"Operation Type","Description":"Possible operators are sum, subtract, multiply, divide","BaseClass":null,"BaseClassLink":null,"StructureType":"Enum Type Name","ContainedTypesName":"Enum Members","Example":null,"Id":null,"Type":"enumreference"}],"PlaceholderId":null,"SuggestedLinkText":"Operation Type","SuggestedLink":"$m/Operation%20Type","SuggestedLinkLevel":3,"LinkLabel":null,"HideFromNavigation":false,"Type":"section"}],"PlaceholderId":null,"SuggestedLinkText":"Enumerations","SuggestedLink":"$h/__model_reference/Enumerations","SuggestedLinkLevel":2,"LinkLabel":null,"HideFromNavigation":false,"Type":"section"}],"PlaceholderId":"__model_reference","SuggestedLinkText":"Model Reference","SuggestedLink":"$h/__model_reference","SuggestedLinkLevel":1,"LinkLabel":null,"HideFromNavigation":false,"Type":"section"},{"Title":"Utility Classes Documentation","Nodes":[{"Title":"ApiHelper","Nodes":[{"Text":"A utility class for processing API Calls. Also contains classes for supporting standard datetime formats.","Type":"paragraph"},{"Level":1,"Text":"Methods","SuggestedLinkText":"Methods","SuggestedLink":"Methods","SuggestedLinkLevel":0,"LinkLabel":null,"HideFromNavigation":false,"Type":"heading"},{"Header":{"Data":["Name","Description"],"Type":"tablerow"},"Rows":[{"Data":["json_deserialize","Deserializes a JSON string to a Python dictionary."],"Type":"tablerow"}],"Type":"table"},{"Level":1,"Text":"Classes","SuggestedLinkText":"Classes","SuggestedLink":"Classes","SuggestedLinkLevel":0,"LinkLabel":null,"HideFromNavigation":false,"Type":"heading"},{"Header":{"Data":["Name","Description"],"Type":"tablerow"},"Rows":[{"Data":["HttpDateTime","A wrapper for datetime to support HTTP date format."],"Type":"tablerow"},{"Data":["UnixDateTime","A wrapper for datetime to support Unix date format."],"Type":"tablerow"},{"Data":["RFC3339DateTime","A wrapper for datetime to support RFC3339 format."],"Type":"tablerow"}],"Type":"table"}],"PlaceholderId":null,"SuggestedLinkText":"ApiHelper","SuggestedLink":"$h/__utilities_documentation/ApiHelper","SuggestedLinkLevel":2,"LinkLabel":null,"HideFromNavigation":false,"Type":"section"}],"PlaceholderId":"__utilities_documentation","SuggestedLinkText":"Utility Classes Documentation","SuggestedLink":"$h/__utilities_documentation","SuggestedLinkLevel":1,"LinkLabel":null,"HideFromNavigation":true,"Type":"section"},{"Title":"Common Code Documentation","Nodes":[{"Title":"HttpResponse","Nodes":[{"Text":"Http response received.","Type":"paragraph"},{"Level":1,"Text":"Parameters","SuggestedLinkText":"Parameters","SuggestedLink":"Parameters","SuggestedLinkLevel":0,"LinkLabel":null,"HideFromNavigation":false,"Type":"heading"},{"Header":{"Data":["Name","Type","Description"],"Type":"tablerow"},"Rows":[{"Data":["status_code","int","The status code returned by the server."],"Type":"tablerow"},{"Data":["reason_phrase","str","The reason phrase returned by the server."],"Type":"tablerow"},{"Data":["headers","dict","Response headers."],"Type":"tablerow"},{"Data":["text","str","Response body."],"Type":"tablerow"},{"Data":["request","HttpRequest","The request that resulted in this response."],"Type":"tablerow"}],"Type":"table"}],"PlaceholderId":null,"SuggestedLinkText":"HttpResponse","SuggestedLink":"$h/__common_code_documentation/HttpResponse","SuggestedLinkLevel":2,"LinkLabel":null,"HideFromNavigation":false,"Type":"section"},{"Title":"HttpRequest","Nodes":[{"Text":"Represents a single Http Request.","Type":"paragraph"},{"Level":1,"Text":"Parameters","SuggestedLinkText":"Parameters","SuggestedLink":"Parameters","SuggestedLinkLevel":0,"LinkLabel":null,"HideFromNavigation":false,"Type":"heading"},{"Header":{"Data":["Name","Type","Tag","Description"],"Type":"tablerow"},"Rows":[{"Data":["http_method","HttpMethodEnum","","The HTTP method of the request."],"Type":"tablerow"},{"Data":["query_url  ","str","","The endpoint URL for the API request."],"Type":"tablerow"},{"Data":["headers","dict","optional","Request headers."],"Type":"tablerow"},{"Data":["query_parameters","dict","optional","Query parameters to add in the URL."],"Type":"tablerow"},{"Data":["parameters","dict &#124; str","optional","Request body, either as a serialized string or else a list of parameters to form encode."],"Type":"tablerow"},{"Data":["files","dict","optional","Files to be sent with the request."],"Type":"tablerow"}],"Type":"table"}],"PlaceholderId":null,"SuggestedLinkText":"HttpRequest","SuggestedLink":"$h/__common_code_documentation/HttpRequest","SuggestedLinkLevel":2,"LinkLabel":null,"HideFromNavigation":false,"Type":"section"}],"PlaceholderId":"__common_code_documentation","SuggestedLinkText":"Common Code Documentation","SuggestedLink":"$h/__common_code_documentation","SuggestedLinkLevel":1,"LinkLabel":null,"HideFromNavigation":true,"Type":"section"}],"Type":"document"}