{"WhiteLabel":false,"NavItems":[{"Text":"Getting Started","Link":"$h/__getting_started","SubItems":[{"Text":"Introduction","Link":"$h/__intro","SubItems":[],"Label":null,"Skip":true,"IsExternal":false},{"Text":"Install the Package","Link":"$h/__how_to_install","SubItems":[],"Label":null,"Skip":true,"IsExternal":false},{"Text":"Building","Link":"$h/__how_to_build","SubItems":[],"Label":null,"Skip":true,"IsExternal":false},{"Text":"Installation","Link":"$h/__how_to_use","SubItems":[],"Label":null,"Skip":true,"IsExternal":false},{"Text":"Environments","Link":"$h/__enviroments","SubItems":[],"Label":null,"Skip":true,"IsExternal":false},{"Text":"Initialize the API Client","Link":"$h/__initializing","SubItems":[],"Label":null,"Skip":true,"IsExternal":false},{"Text":"Authorization","Link":"$h/__authorize","SubItems":[],"Label":null,"Skip":true,"IsExternal":false},{"Text":"Client Credentials Grant","Link":"$h/__client_credentials_grant","SubItems":[],"Label":null,"Skip":true,"IsExternal":false},{"Text":"Authorization Code Grant","Link":"$h/__authorization_code_grant","SubItems":[],"Label":null,"Skip":true,"IsExternal":false},{"Text":"Resource Owner Password Grant","Link":"$h/__resource_owner_password_grant","SubItems":[],"Label":null,"Skip":true,"IsExternal":false},{"Text":"Implicit Grant","Link":"$h/__implicit_grant","SubItems":[],"Label":null,"Skip":true,"IsExternal":false},{"Text":"Test the SDK","Link":"$h/__how_to_test","SubItems":[],"Label":null,"Skip":true,"IsExternal":false},{"Text":"API Errors","Link":"$h/__api_errors","SubItems":[],"Label":null,"Skip":true,"IsExternal":false}],"Label":null,"Skip":false,"IsExternal":false},{"Text":"Client Class Documentation","Link":"$h/__client_documentation","SubItems":[{"Text":"APIMATIC CalculatorClient Class","Link":"$h/__client_documentation/APIMATIC%20CalculatorClient%20Class","SubItems":[{"Text":"Controllers","Link":"Controllers","SubItems":[],"Label":null,"Skip":false,"IsExternal":false},{"Text":"Methods","Link":"Methods","SubItems":[],"Label":null,"Skip":false,"IsExternal":false}],"Label":null,"Skip":false,"IsExternal":false}],"Label":null,"Skip":true,"IsExternal":false},{"Text":"API Reference","Link":"$h/__api_reference","SubItems":[{"Text":"List of APIs","Link":"$h/__list_of_apis","SubItems":[],"Label":null,"Skip":false,"IsExternal":false},{"Text":"Simple Calculator","Link":"$e/Simple%20Calculator","SubItems":[{"Text":"Overview","Link":"$h/__api_reference/Simple%20Calculator/Overview","SubItems":[{"Text":"Get instance","Link":"$h/__api_reference/Simple%20Calculator/Overview/Get%20instance","SubItems":[],"Label":null,"Skip":true,"IsExternal":false}],"Label":"endpoint-group-overview","Skip":false,"IsExternal":false},{"Text":"Get Calculate","Link":"$e/Simple%20Calculator/Calculate","SubItems":[],"Label":null,"Skip":false,"IsExternal":false}],"Label":null,"Skip":false,"IsExternal":false}],"Label":null,"Skip":false,"IsExternal":false},{"Text":"Model Reference","Link":"$h/__model_reference","SubItems":[{"Text":"Enumerations","Link":"$h/__model_reference/Enumerations","SubItems":[{"Text":"Operation Type","Link":"$m/Operation%20Type","SubItems":[],"Label":null,"Skip":false,"IsExternal":false}],"Label":null,"Skip":false,"IsExternal":false}],"Label":null,"Skip":false,"IsExternal":false},{"Text":"Utility Classes Documentation","Link":"$h/__utilities_documentation","SubItems":[{"Text":"ApiHelper Class","Link":"$h/__utilities_documentation/ApiHelper%20Class","SubItems":[{"Text":"Fields","Link":"Fields","SubItems":[],"Label":null,"Skip":false,"IsExternal":false},{"Text":"Methods","Link":"Methods","SubItems":[],"Label":null,"Skip":false,"IsExternal":false}],"Label":null,"Skip":false,"IsExternal":false},{"Text":"FileWrapper Class","Link":"$h/__utilities_documentation/FileWrapper%20Class","SubItems":[{"Text":"Constructors","Link":"Constructors","SubItems":[],"Label":null,"Skip":false,"IsExternal":false},{"Text":"Methods","Link":"Methods","SubItems":[],"Label":null,"Skip":false,"IsExternal":false}],"Label":null,"Skip":false,"IsExternal":false},{"Text":"LocalDateTime Class","Link":"$h/__utilities_documentation/LocalDateTime%20Class","SubItems":[],"Label":null,"Skip":true,"IsExternal":false}],"Label":null,"Skip":true,"IsExternal":false},{"Text":"Common Code Documentation","Link":"$h/__common_code_documentation","SubItems":[{"Text":"HttpRequest Class","Link":"$h/__common_code_documentation/HttpRequest%20Class","SubItems":[{"Text":"Constructors","Link":"Constructors","SubItems":[],"Label":null,"Skip":false,"IsExternal":false},{"Text":"Methods","Link":"Methods","SubItems":[],"Label":null,"Skip":false,"IsExternal":false}],"Label":null,"Skip":false,"IsExternal":false},{"Text":"HttpResponse Class","Link":"$h/__common_code_documentation/HttpResponse%20Class","SubItems":[{"Text":"Constructors","Link":"Constructors","SubItems":[],"Label":null,"Skip":false,"IsExternal":false},{"Text":"Methods","Link":"Methods","SubItems":[],"Label":null,"Skip":false,"IsExternal":false}],"Label":null,"Skip":false,"IsExternal":false},{"Text":"HttpStringResponse Class","Link":"$h/__common_code_documentation/HttpStringResponse%20Class","SubItems":[{"Text":"Constructors","Link":"Constructors","SubItems":[],"Label":null,"Skip":false,"IsExternal":false},{"Text":"Methods","Link":"Methods","SubItems":[],"Label":null,"Skip":false,"IsExternal":false}],"Label":null,"Skip":false,"IsExternal":false},{"Text":"HttpContext Class","Link":"$h/__common_code_documentation/HttpContext%20Class","SubItems":[{"Text":"Constructors","Link":"Constructors","SubItems":[],"Label":null,"Skip":false,"IsExternal":false},{"Text":"Methods","Link":"Methods","SubItems":[],"Label":null,"Skip":false,"IsExternal":false}],"Label":null,"Skip":false,"IsExternal":false},{"Text":"HttpBodyRequest Class","Link":"$h/__common_code_documentation/HttpBodyRequest%20Class","SubItems":[{"Text":"Constructors","Link":"Constructors","SubItems":[],"Label":null,"Skip":false,"IsExternal":false},{"Text":"Methods","Link":"Methods","SubItems":[],"Label":null,"Skip":false,"IsExternal":false}],"Label":null,"Skip":false,"IsExternal":false},{"Text":"HttpCallback Interface","Link":"$h/__common_code_documentation/HttpCallback%20Interface","SubItems":[{"Text":"Methods","Link":"Methods","SubItems":[],"Label":null,"Skip":false,"IsExternal":false}],"Label":null,"Skip":false,"IsExternal":false},{"Text":"Headers Class","Link":"$h/__common_code_documentation/Headers%20Class","SubItems":[{"Text":"Constructors","Link":"Constructors","SubItems":[],"Label":null,"Skip":false,"IsExternal":false},{"Text":"Methods","Link":"Methods","SubItems":[],"Label":null,"Skip":false,"IsExternal":false}],"Label":null,"Skip":false,"IsExternal":false},{"Text":"ApiException Class","Link":"$h/__common_code_documentation/ApiException%20Class","SubItems":[{"Text":"Constructors","Link":"Constructors","SubItems":[],"Label":null,"Skip":false,"IsExternal":false},{"Text":"Methods","Link":"Methods","SubItems":[],"Label":null,"Skip":false,"IsExternal":false}],"Label":null,"Skip":false,"IsExternal":false},{"Text":"Configuration Interface","Link":"$h/__common_code_documentation/Configuration%20Interface","SubItems":[{"Text":"Methods","Link":"Methods","SubItems":[],"Label":null,"Skip":false,"IsExternal":false}],"Label":null,"Skip":false,"IsExternal":false},{"Text":"HttpClientConfiguration Class","Link":"$h/__common_code_documentation/HttpClientConfiguration%20Class","SubItems":[{"Text":"Methods","Link":"Methods","SubItems":[],"Label":null,"Skip":false,"IsExternal":false}],"Label":null,"Skip":false,"IsExternal":false},{"Text":"HttpClientConfiguration.Builder Class","Link":"$h/__common_code_documentation/HttpClientConfiguration.Builder%20Class","SubItems":[{"Text":"Constructors","Link":"Constructors","SubItems":[],"Label":null,"Skip":false,"IsExternal":false},{"Text":"Methods","Link":"Methods","SubItems":[],"Label":null,"Skip":false,"IsExternal":false}],"Label":null,"Skip":false,"IsExternal":false}],"Label":null,"Skip":true,"IsExternal":false}],"DataModel":{"showFullCode":false,"skipSslCertVerification":null,"config":{},"environment":"production","auth":null,"call":{"additionalQueryParams":null,"additionalFieldParams":null,"args":{}}},"DataModelSchema":{"type":"object","additionalProperties":false,"properties":{"showFullCode":{"title":"Show Complete File","description":"Show complete file for code, with bootstrap and error handling included.","type":"boolean"},"environment":{"title":"Environment","description":"Select an API environment","type":"string","default":"production","enum":["production"]}},"required":["showFullCode","environment"]},"PublishedPackage":null,"AuthHttpCallTemplate":null,"ApiAuthentication":null,"KnownLinkPrefixes":["page"],"Title":"Getting Started with APIMATIC Calculator","Sections":[{"Title":"Getting Started","Nodes":[{"Title":"Introduction","Nodes":[{"Text":"Simple calculator API hosted on APIMATIC\n\n","Type":"paragraph"}],"PlaceholderId":"__intro","SuggestedLinkText":"Introduction","SuggestedLink":"$h/__intro","SuggestedLinkLevel":2,"LinkLabel":null,"HideFromNavigation":true,"Type":"section"},{"Title":"Install the Package","Nodes":[],"PlaceholderId":"__how_to_install","SuggestedLinkText":"Install the Package","SuggestedLink":"$h/__how_to_install","SuggestedLinkLevel":2,"LinkLabel":null,"HideFromNavigation":true,"Type":"section"},{"Title":"Building","Nodes":[{"Text":"The generated code uses a few Maven dependencies e.g., Jackson, OkHttp,\nand Apache HttpClient. The reference to these dependencies is already\nadded in the pom.xml file will be installed automatically. Therefore,\nyou will need internet access for a successful build.","Type":"paragraph"},{"Text":"* In order to open the client library in Eclipse click on `File -> Import`.","Type":"paragraph"},{"Url":"/static/images/JAVA_ECLIPSE_JRE_LIB/file0.svg","AlterateText":"Importing SDK into Eclipse - Step 1","Type":"image"},{"Text":"* In the import dialog, select `Existing Java Project` and click `Next`.","Type":"paragraph"},{"Url":"/static/images/JAVA_ECLIPSE_JRE_LIB/file1.svg","AlterateText":"Importing SDK into Eclipse - Step 2","Type":"image"},{"Text":"* Browse to locate the folder containing the source code. Select the detected location of the project and click `Finish`.","Type":"paragraph"},{"Url":"/static/images/JAVA_ECLIPSE_JRE_LIB/file2.svg","AlterateText":"Importing SDK into Eclipse - Step 3","Type":"image"},{"Text":"* Upon successful import, the project will be automatically built by Eclipse after automatically resolving the dependencies.","Type":"paragraph"},{"Url":"/static/images/JAVA_ECLIPSE_JRE_LIB/file3.svg","AlterateText":"Importing SDK into Eclipse - Step 4","Type":"image"}],"PlaceholderId":"__how_to_build","SuggestedLinkText":"Building","SuggestedLink":"$h/__how_to_build","SuggestedLinkLevel":2,"LinkLabel":null,"HideFromNavigation":true,"Type":"section"},{"Title":"Installation","Nodes":[{"Text":"The following section explains how to use the APIMATICCalculatorLib library in a new project.","Type":"paragraph"},{"Steps":[{"Nodes":[{"Text":"For starting a new project, click the menu command `File > New > Project`.","Type":"paragraph"},{"Url":"/static/images/JAVA_ECLIPSE_JRE_LIB/file4.svg","AlterateText":"Add a new project in Eclipse","Type":"image"},{"Text":"Next, choose `Maven > Maven Project` and click `Next`.","Type":"paragraph"},{"Url":"/static/images/JAVA_ECLIPSE_JRE_LIB/file5.svg","AlterateText":"Create a new Maven Project - Step 1","Type":"image"},{"Text":"Here, make sure to use the current workspace by choosing `Use default Workspace location`, as shown in the picture below and click `Next`.","Type":"paragraph"},{"Url":"/static/images/JAVA_ECLIPSE_JRE_LIB/file6.svg","AlterateText":"Create a new Maven Project - Step 2","Type":"image"},{"Text":"Following this, select the *quick start* project type to create a simple project with an existing class and a `main` method. To do this, choose `maven-archetype-quickstart` item from the list and click `Next`.","Type":"paragraph"},{"Url":"/static/images/JAVA_ECLIPSE_JRE_LIB/file7.svg","AlterateText":"Create a new Maven Project - Step 3","Type":"image"},{"Text":"In the last step, provide a `Group Id` and `Artifact Id` as shown in the picture below and click `Finish`.","Type":"paragraph"},{"Url":"/static/images/JAVA_ECLIPSE_JRE_LIB/file8.svg","AlterateText":"Create a new Maven Project - Step 4","Type":"image"}],"Title":"Starting a new project","Type":"step"},{"Nodes":[{"Text":"The created Maven project manages its dependencies using its `pom.xml` file. In order to add a dependency on the *APIMATICCalculatorLib* client library, double click on the ``` pom.xml ``` file in the ``` Package Explorer ```. Opening the ``` pom.xml ``` file will render a graphical view on the canvas. Here, switch to the `Dependencies` tab and click the `Add` button as shown in the picture below.","Type":"paragraph"},{"Url":"/static/images/JAVA_ECLIPSE_JRE_LIB/file9.svg","AlterateText":"Adding dependency to the client library - Step 1","Type":"image"},{"Text":"Clicking the `Add` button will open a dialog where you need to specify APIMATICCalculatorLib in `Group Id`, apimaticcalculator-lib in `Artifact Id` and 1.0.0 in the `Version` fields. Once added click `OK`. Save the `pom.xml` file.","Type":"paragraph"},{"Url":"/static/images/JAVA_ECLIPSE_JRE_LIB/file10.svg","AlterateText":"Adding dependency to the client library - Step 2","Type":"image"},{"Url":"/static/images/JAVA_ECLIPSE_JRE_LIB/file11.svg","AlterateText":"Adding sample code","Type":"image"}],"Title":"Add reference of the library project","Type":"step"},{"Nodes":[{"Text":"Once the `SimpleConsoleApp` is created, a file named `App.java` will be visible in the *Package Explorer* with a `main` method. This is the entry point for the execution of the created project.\nHere, you can add code to initialize the client library and instantiate a *Controller* class. Sample code to initialize the client library and using controller methods is given in the subsequent sections.","Type":"paragraph"}],"Title":"Write sample code","Type":"step"}],"Type":"steppedguide"}],"PlaceholderId":"__how_to_use","SuggestedLinkText":"Installation","SuggestedLink":"$h/__how_to_use","SuggestedLinkLevel":2,"LinkLabel":null,"HideFromNavigation":true,"Type":"section"},{"Title":"Environments","Nodes":[],"PlaceholderId":"__enviroments","SuggestedLinkText":"Environments","SuggestedLink":"$h/__enviroments","SuggestedLinkLevel":2,"LinkLabel":null,"HideFromNavigation":true,"Type":"section"},{"Title":"Initialize the API Client","Nodes":[{"Text":"The following parameters are configurable for the API Client:","Type":"paragraph"},{"Header":{"Data":["Parameter","Type","Description"],"Type":"tablerow"},"Rows":[{"Data":["`environment`","Environment","The API environment. <br> **Default: `Environment.PRODUCTION`**"],"Type":"tablerow"},{"Data":["`httpClientConfig`","`ReadonlyHttpClientConfiguration`","Http Client Configuration instance."],"Type":"tablerow"}],"Type":"table"},{"Text":"The API client can be initialized as follows:","Type":"paragraph"},{"Text":"APIMATICCalculatorClient client = new APIMATICCalculatorClient.Builder()\n    .httpClientConfig(configBuilder -> configBuilder\n            .timeout(0))\n    .environment(Environment.PRODUCTION)\n    .build();\n\n","Language":"java","Type":"codeblock"}],"PlaceholderId":"__initializing","SuggestedLinkText":"Initialize the API Client","SuggestedLink":"$h/__initializing","SuggestedLinkLevel":2,"LinkLabel":null,"HideFromNavigation":true,"Type":"section"},{"Title":"Authorization","Nodes":[],"PlaceholderId":"__authorize","SuggestedLinkText":"Authorization","SuggestedLink":"$h/__authorize","SuggestedLinkLevel":2,"LinkLabel":null,"HideFromNavigation":true,"Type":"section"},{"Title":"Client Credentials Grant","Nodes":[],"PlaceholderId":"__client_credentials_grant","SuggestedLinkText":"Client Credentials Grant","SuggestedLink":"$h/__client_credentials_grant","SuggestedLinkLevel":2,"LinkLabel":null,"HideFromNavigation":true,"Type":"section"},{"Title":"Authorization Code Grant","Nodes":[],"PlaceholderId":"__authorization_code_grant","SuggestedLinkText":"Authorization Code Grant","SuggestedLink":"$h/__authorization_code_grant","SuggestedLinkLevel":2,"LinkLabel":null,"HideFromNavigation":true,"Type":"section"},{"Title":"Resource Owner Password Grant","Nodes":[],"PlaceholderId":"__resource_owner_password_grant","SuggestedLinkText":"Resource Owner Password Grant","SuggestedLink":"$h/__resource_owner_password_grant","SuggestedLinkLevel":2,"LinkLabel":null,"HideFromNavigation":true,"Type":"section"},{"Title":"Implicit Grant","Nodes":[],"PlaceholderId":"__implicit_grant","SuggestedLinkText":"Implicit Grant","SuggestedLink":"$h/__implicit_grant","SuggestedLinkLevel":2,"LinkLabel":null,"HideFromNavigation":true,"Type":"section"},{"Title":"Test the SDK","Nodes":[{"Text":"The generated code and the server can be tested using automatically generated test cases. \nJUnit is used as the testing framework and test runner.","Type":"paragraph"},{"Text":"In Eclipse, for running the tests do the following:","Type":"paragraph"},{"Text":"1. Select the project APIMATICCalculatorLib from the package explorer.\n2. Select `Run -> Run as -> JUnit Test` or use `Alt + Shift + X` followed by `T` to run the Tests.","Type":"paragraph"}],"PlaceholderId":"__how_to_test","SuggestedLinkText":"Test the SDK","SuggestedLink":"$h/__how_to_test","SuggestedLinkLevel":2,"LinkLabel":null,"HideFromNavigation":true,"Type":"section"},{"Title":"API Errors","Nodes":[],"PlaceholderId":"__api_errors","SuggestedLinkText":"API Errors","SuggestedLink":"$h/__api_errors","SuggestedLinkLevel":2,"LinkLabel":null,"HideFromNavigation":true,"Type":"section"}],"PlaceholderId":"__getting_started","SuggestedLinkText":"Getting Started","SuggestedLink":"$h/__getting_started","SuggestedLinkLevel":1,"LinkLabel":null,"HideFromNavigation":false,"Type":"section"},{"Title":"Client Class Documentation","Nodes":[{"Title":"APIMATIC CalculatorClient Class","Nodes":[{"Text":" The gateway for the SDK. This class acts as a factory for the Controllers and also holds the configuration of the SDK.","Type":"paragraph"},{"Level":1,"Text":"Controllers","SuggestedLinkText":"Controllers","SuggestedLink":"Controllers","SuggestedLinkLevel":0,"LinkLabel":null,"HideFromNavigation":false,"Type":"heading"},{"Header":{"Data":["Name","Description","Return Type"],"Type":"tablerow"},"Rows":[{"Data":["```getSimpleCalculatorController()```","Provides access to SimpleCalculator controller.","```SimpleCalculatorController```"],"Type":"tablerow"}],"Type":"table"},{"Level":1,"Text":"Methods","SuggestedLinkText":"Methods","SuggestedLink":"Methods","SuggestedLinkLevel":0,"LinkLabel":null,"HideFromNavigation":false,"Type":"heading"},{"Header":{"Data":["Name","Description","Return Type"],"Type":"tablerow"},"Rows":[{"Data":["```shutdown()```","Shutdown the underlying HttpClient instance.","```void```"],"Type":"tablerow"},{"Data":["```getEnvironment()```","Current API environment.","```Environment```"],"Type":"tablerow"},{"Data":["```getHttpClient()```","The HTTP Client instance to use for making HTTP requests.","```HttpClient```"],"Type":"tablerow"},{"Data":["```getHttpClientConfig()```","Http Client Configuration instance.","```ReadonlyHttpClientConfiguration```"],"Type":"tablerow"},{"Data":["```getBaseUri(Server server)```","Get base URI by current environment","```String```"],"Type":"tablerow"},{"Data":["```getBaseUri()```"," Get base URI by current environment","```String```"],"Type":"tablerow"}],"Type":"table"}],"PlaceholderId":null,"SuggestedLinkText":"APIMATIC CalculatorClient Class","SuggestedLink":"$h/__client_documentation/APIMATIC%20CalculatorClient%20Class","SuggestedLinkLevel":2,"LinkLabel":null,"HideFromNavigation":false,"Type":"section"}],"PlaceholderId":"__client_documentation","SuggestedLinkText":"Client Class Documentation","SuggestedLink":"$h/__client_documentation","SuggestedLinkLevel":1,"LinkLabel":null,"HideFromNavigation":true,"Type":"section"},{"Title":"API Reference","Nodes":[{"Title":"List of APIs","Nodes":[{"Text":"* [Simple Calculator]($e/Simple%20Calculator)","Type":"paragraph"}],"PlaceholderId":null,"SuggestedLinkText":"List of APIs","SuggestedLink":"$h/__list_of_apis","SuggestedLinkLevel":2,"LinkLabel":null,"HideFromNavigation":false,"Type":"section"},{"Title":"Simple Calculator","Nodes":[{"Title":"Overview","Nodes":[{"Title":"Get instance","Nodes":[{"Text":"An instance of the `SimpleCalculatorController` class can be accessed from the API Client.","Type":"paragraph"},{"Text":"SimpleCalculatorController simpleCalculatorController = client.getSimpleCalculatorController();","Language":null,"Type":"codeblock"}],"PlaceholderId":null,"SuggestedLinkText":"Get instance","SuggestedLink":"$h/__api_reference/Simple%20Calculator/Overview/Get%20instance","SuggestedLinkLevel":4,"LinkLabel":null,"HideFromNavigation":true,"Type":"section"}],"PlaceholderId":null,"SuggestedLinkText":"Overview","SuggestedLink":"$h/__api_reference/Simple%20Calculator/Overview","SuggestedLinkLevel":3,"LinkLabel":"endpoint-group-overview","HideFromNavigation":false,"Type":"section"},{"Title":"Get Calculate","Nodes":[{"Title":"Get Calculate","Name":"getCalculateAsync","Description":"Calculates the expression using the specified operation.\n\r\n","ReturnType":"double","ReturnTypeLink":null,"ResponseText":"","ReturnTypeExample":null,"RequiresAuthentication":false,"MethodSignature":{"Text":"CompletableFuture<Double> getCalculateAsync(\r\n    final GetCalculateInput input)","Language":"java","Type":"codeblock"},"Parameters":[{"Name":"operation","GenericName":"operation","DataType":"OperationTypeEnum","Description":"The operator to apply on the variables","Required":true,"LinkTo":"$m/Operation%20Type","Constant":false,"ParamType":"Template","DataTypeMarkdown":null,"ContainerTypes":null,"TypeCombinatorTypes":null,"Getter":null,"Setter":null,"Type":"paraminfo"},{"Name":"x","GenericName":"x","DataType":"double","Description":"The LHS value","Required":true,"LinkTo":"","Constant":false,"ParamType":"Query","DataTypeMarkdown":null,"ContainerTypes":null,"TypeCombinatorTypes":null,"Getter":null,"Setter":null,"Type":"paraminfo"},{"Name":"y","GenericName":"y","DataType":"double","Description":"The RHS value","Required":true,"LinkTo":"","Constant":false,"ParamType":"Query","DataTypeMarkdown":null,"ContainerTypes":null,"TypeCombinatorTypes":null,"Getter":null,"Setter":null,"Type":"paraminfo"}],"Scopes":[],"Errors":[],"StaticUsageExample":null,"UsageExample":{"EndpointGroupName":"Simple Calculator","EndpointName":"Calculate","Index":0,"CallModel":{"additionalQueryParams":null,"additionalFieldParams":null,"args":{"operation":"MULTIPLY","x":222.14,"y":165.14}},"CallModelSchema":{"title":"Endpoint Arguments","type":"object","additionalProperties":false,"properties":{"args":{"id":"endpoint_7C26ABBCDB1F9","title":"endpoint_7C26ABBCDB1F9","type":"object","properties":{"operation":{"title":"Operation Type","description":"The operator to apply on the variables","x-enum-elements":[{"name":"SUM","description":"Represents the sum operator"},{"name":"SUBTRACT","description":"Represents the subtract operator"},{"name":"MULTIPLY","description":"Represents the multiply operator"},{"name":"DIVIDE","description":"Represents the divide operator"}],"type":"string","enum":["SUM","SUBTRACT","MULTIPLY","DIVIDE"]},"x":{"description":"The LHS value","type":"number"},"y":{"description":"The RHS value","type":"number"}},"required":["operation","x","y"]}},"required":["args"]},"HttpCallTemplate":"{\"method\":\"GET\",\"url\":\"{% case environment %}{% when \"production\" %}https://examples.apimatic.io/apps/calculator{% else %}envrr{% endcase %}/{{ call[\"args\"][\"operation\"] }}{% capture inline_query_capture_876234 %}&x={% if call[\"args\"][\"x\"] != nil %}{{ call[\"args\"][\"x\"] }}{% else %}null{% endif %}&y={% if call[\"args\"][\"y\"] != nil %}{{ call[\"args\"][\"y\"] }}{% else %}null{% endif %}{% endcapture %}{% if inline_query_capture_876234.size > 0 %}?{% endif %}{{ inline_query_capture_876234 | remove_first:'&' }}\",\"headers\":{% capture header_capture_9023987234 %}{% endcapture %}{{ '{' }}{{ header_capture_9023987234 | remove_first:',' }}},\"body\":{{ '{' }}\"type\":\"none\"}}","Templates":{"JAVA_ECLIPSE_JRE_LIB":"{% if showFullCode %}package com.example;\r\n\r\nimport java.util.*;\r\nimport java.io.*;\r\n\r\nimport io.apimatic.examples.*;\r\nimport io.apimatic.examples.models.*;\r\nimport io.apimatic.examples.controllers.*;\r\nimport io.apimatic.examples.exceptions.ApiException;\r\n\r\npublic class Program {\n\n    public static void main(String[] args) {\r\n{% if showFullCode %}        {% endif %}APIMATICCalculatorClient client = new APIMATICCalculatorClient.Builder()\n{% if showFullCode %}        {% endif %}    .httpClientConfig(configBuilder -> configBuilder\n{% if showFullCode %}        {% endif %}            .timeout(0)){% if environment != \"production\" or showFullCode == false %}\n{% if showFullCode %}        {% endif %}    .environment({% case environment %}{% when \"production\" %}Environment.PRODUCTION{% else %}envrr{% endcase %}){% endif %}\n{% if showFullCode %}        {% endif %}    .build();\n{% if showFullCode %}        {% endif %}\n{% if showFullCode %}        {% endif %}SimpleCalculatorController simpleCalculatorController = client.getSimpleCalculatorController();\r\n{% if showFullCode %}        {% endif %}\r\n{% endif %}{% if showFullCode %}        {% endif %}GetCalculateInput getCalculateInput = new GetCalculateInput();\n{% if showFullCode %}        {% endif %}getCalculateInput.setOperation({% case call[\"args\"][\"operation\"] %}{% when \"SUM\" %}OperationTypeEnum.SUM{% when \"SUBTRACT\" %}OperationTypeEnum.SUBTRACT{% when \"MULTIPLY\" %}OperationTypeEnum.MULTIPLY{% when \"DIVIDE\" %}OperationTypeEnum.DIVIDE{% when nil %}null{% else %}envrr{% endcase %});\n{% if showFullCode %}        {% endif %}getCalculateInput.setX({% if call[\"args\"][\"x\"] != nil %}{{ call[\"args\"][\"x\"] }}{% else %}null{% endif %});\n{% if showFullCode %}        {% endif %}getCalculateInput.setY({% if call[\"args\"][\"y\"] != nil %}{{ call[\"args\"][\"y\"] }}{% else %}null{% endif %});\n{% if showFullCode %}        {% endif %}\r\n{% if showFullCode %}        {% endif %}simpleCalculatorController.getCalculateAsync({% if call[\"args\"] == nil %}null{% else %}getCalculateInput{% endif %}).thenAccept(result -> {\n{% if showFullCode %}        {% endif %}    // TODO success callback handler\n{% if showFullCode %}        {% endif %}}).exceptionally(exception -> {\n{% if showFullCode %}        {% endif %}    // TODO failure callback handler\n{% if showFullCode %}        {% endif %}    return null;\n{% if showFullCode %}        {% endif %}});{% if showFullCode %}\n    }\n}{% endif %}\r\n"},"Type":"compilablecodeblock"},"Response":null,"ServerName":null,"Id":null,"Type":"endpointreference"}],"PlaceholderId":null,"SuggestedLinkText":"Get Calculate","SuggestedLink":"$e/Simple%20Calculator/Calculate","SuggestedLinkLevel":3,"LinkLabel":null,"HideFromNavigation":false,"Type":"section"}],"PlaceholderId":null,"SuggestedLinkText":"Simple Calculator","SuggestedLink":"$e/Simple%20Calculator","SuggestedLinkLevel":2,"LinkLabel":null,"HideFromNavigation":false,"Type":"section"}],"PlaceholderId":"__api_reference","SuggestedLinkText":"API Reference","SuggestedLink":"$h/__api_reference","SuggestedLinkLevel":1,"LinkLabel":null,"HideFromNavigation":false,"Type":"section"},{"Title":"Model Reference","Nodes":[{"Title":"Enumerations","Nodes":[{"Text":"* [Operation Type]($m/Operation%20Type)","Type":"paragraph"},{"Title":"Operation Type","Nodes":[{"Elements":[{"Key":"SUM","Value":"Represents the sum operator"},{"Key":"SUBTRACT","Value":"Represents the subtract operator"},{"Key":"MULTIPLY","Value":"Represents the multiply operator"},{"Key":"DIVIDE","Value":"Represents the divide operator"}],"Title":"Operation Type","Name":"OperationTypeEnum","OriginalName":"Operation Type","Description":"Possible operators are sum, subtract, multiply, divide","BaseClass":null,"BaseClassLink":null,"StructureType":"Enum Type Name","ContainedTypesName":"Enum Constants","Example":null,"Id":null,"Type":"enumreference"}],"PlaceholderId":null,"SuggestedLinkText":"Operation Type","SuggestedLink":"$m/Operation%20Type","SuggestedLinkLevel":3,"LinkLabel":null,"HideFromNavigation":false,"Type":"section"}],"PlaceholderId":null,"SuggestedLinkText":"Enumerations","SuggestedLink":"$h/__model_reference/Enumerations","SuggestedLinkLevel":2,"LinkLabel":null,"HideFromNavigation":false,"Type":"section"}],"PlaceholderId":"__model_reference","SuggestedLinkText":"Model Reference","SuggestedLink":"$h/__model_reference","SuggestedLinkLevel":1,"LinkLabel":null,"HideFromNavigation":false,"Type":"section"},{"Title":"Utility Classes Documentation","Nodes":[{"Title":"ApiHelper Class","Nodes":[{"Text":"This is a Helper class with commonly used utilities for the SDK.","Type":"paragraph"},{"Level":1,"Text":"Fields","SuggestedLinkText":"Fields","SuggestedLink":"Fields","SuggestedLinkLevel":0,"LinkLabel":null,"HideFromNavigation":false,"Type":"heading"},{"Header":{"Data":["Name","Description","Type"],"Type":"tablerow"},"Rows":[{"Data":["mapper","Deserialization of Json data.","```ObjectMapper```"],"Type":"tablerow"}],"Type":"table"},{"Level":1,"Text":"Methods","SuggestedLinkText":"Methods","SuggestedLink":"Methods","SuggestedLinkLevel":0,"LinkLabel":null,"HideFromNavigation":false,"Type":"heading"},{"Header":{"Data":["Name","Description","Return Type"],"Type":"tablerow"},"Rows":[{"Data":["```serialize(Object obj)```","Json Serialization of a given object.","```String```"],"Type":"tablerow"},{"Data":["```deserialize(String json)```","Json deserialization of the given Json string.","```LinkedHashMap<String, Object>```"],"Type":"tablerow"},{"Data":["```deserialize(String json, Class<T> clazz)```","Json deserialization of the given Json string.","```<T extends Object> T```"],"Type":"tablerow"},{"Data":["```deserialize(String json, TypeReference<T> typeReference)```","JSON Deserialization of the given json string.","```<T extends Object> T```"],"Type":"tablerow"},{"Data":["```deserializeArray(String json, Class<T[]> classArray)```","JSON Deserialization of the given json string.","```<T extends Object> List<T>```"],"Type":"tablerow"}],"Type":"table"}],"PlaceholderId":null,"SuggestedLinkText":"ApiHelper Class","SuggestedLink":"$h/__utilities_documentation/ApiHelper%20Class","SuggestedLinkLevel":2,"LinkLabel":null,"HideFromNavigation":false,"Type":"section"},{"Title":"FileWrapper Class","Nodes":[{"Text":"Class to wrap file and contentType to be sent as part of a HTTP request.","Type":"paragraph"},{"Level":1,"Text":"Constructors","SuggestedLinkText":"Constructors","SuggestedLink":"Constructors","SuggestedLinkLevel":0,"LinkLabel":null,"HideFromNavigation":false,"Type":"heading"},{"Header":{"Data":["Name","Description"],"Type":"tablerow"},"Rows":[{"Data":["```FileWrapper(File file)```","Initialization constructor."],"Type":"tablerow"},{"Data":["```FileWrapper(File file, String contentType)```","Initialization constructor."],"Type":"tablerow"}],"Type":"table"},{"Level":1,"Text":"Methods","SuggestedLinkText":"Methods","SuggestedLink":"Methods","SuggestedLinkLevel":0,"LinkLabel":null,"HideFromNavigation":false,"Type":"heading"},{"Header":{"Data":["Name","Description","Return Type"],"Type":"tablerow"},"Rows":[{"Data":["```getFile()```","File instance.","```File```"],"Type":"tablerow"},{"Data":["```getContentType()```","Content type of the file.","```String```"],"Type":"tablerow"}],"Type":"table"}],"PlaceholderId":null,"SuggestedLinkText":"FileWrapper Class","SuggestedLink":"$h/__utilities_documentation/FileWrapper%20Class","SuggestedLinkLevel":2,"LinkLabel":null,"HideFromNavigation":false,"Type":"section"},{"Title":"LocalDateTime Class","Nodes":[],"PlaceholderId":null,"SuggestedLinkText":"LocalDateTime Class","SuggestedLink":"$h/__utilities_documentation/LocalDateTime%20Class","SuggestedLinkLevel":2,"LinkLabel":null,"HideFromNavigation":true,"Type":"section"}],"PlaceholderId":"__utilities_documentation","SuggestedLinkText":"Utility Classes Documentation","SuggestedLink":"$h/__utilities_documentation","SuggestedLinkLevel":1,"LinkLabel":null,"HideFromNavigation":true,"Type":"section"},{"Title":"Common Code Documentation","Nodes":[{"Title":"HttpRequest Class","Nodes":[{"Text":"Class for creating and managing HTTP Requests.","Type":"paragraph"},{"Level":1,"Text":"Constructors","SuggestedLinkText":"Constructors","SuggestedLink":"Constructors","SuggestedLinkLevel":0,"LinkLabel":null,"HideFromNavigation":false,"Type":"heading"},{"Header":{"Data":["Name","Description"],"Type":"tablerow"},"Rows":[{"Data":["```HttpRequest(HttpMethod method, StringBuilder queryUrlBuilder, Headers headers, Map<String, Object> queryParameters, List< SimpleEntry < String, Object >> parameters)```","Initializes a simple http request."],"Type":"tablerow"}],"Type":"table"},{"Level":1,"Text":"Methods","SuggestedLinkText":"Methods","SuggestedLink":"Methods","SuggestedLinkLevel":0,"LinkLabel":null,"HideFromNavigation":false,"Type":"heading"},{"Header":{"Data":["Name","Description","Return Type"],"Type":"tablerow"},"Rows":[{"Data":["```getHttpMethod()```","HttpMethod for the http request.","```HttpMethod```"],"Type":"tablerow"},{"Data":["```getHeaders()```","Headers for the http request.","```Headers```"],"Type":"tablerow"},{"Data":["```getQueryUrl()```","Query url for the http request.","```String```"],"Type":"tablerow"},{"Data":["```getParameters()```","Parameters for the http request.","```List<SimpleEntry<String, Object>>```"],"Type":"tablerow"},{"Data":["```getQueryParameters()```","Query parameters for the http request.","```Map<String, Object>```"],"Type":"tablerow"},{"Data":["```addQueryParameter(String key, Object value)```","Add Query parameter in http request.","```void```"],"Type":"tablerow"}],"Type":"table"}],"PlaceholderId":null,"SuggestedLinkText":"HttpRequest Class","SuggestedLink":"$h/__common_code_documentation/HttpRequest%20Class","SuggestedLinkLevel":2,"LinkLabel":null,"HideFromNavigation":false,"Type":"section"},{"Title":"HttpResponse Class","Nodes":[{"Text":"Class to hold HTTP Response.","Type":"paragraph"},{"Level":1,"Text":"Constructors","SuggestedLinkText":"Constructors","SuggestedLink":"Constructors","SuggestedLinkLevel":0,"LinkLabel":null,"HideFromNavigation":false,"Type":"heading"},{"Header":{"Data":["Name","Description"],"Type":"tablerow"},"Rows":[{"Data":["```HttpResponse(int code, Headers headers, InputStream rawBody)```","Constructor for HttpResponse."],"Type":"tablerow"}],"Type":"table"},{"Level":1,"Text":"Methods","SuggestedLinkText":"Methods","SuggestedLink":"Methods","SuggestedLinkLevel":0,"LinkLabel":null,"HideFromNavigation":false,"Type":"heading"},{"Header":{"Data":["Name","Description","Return Type"],"Type":"tablerow"},"Rows":[{"Data":["```getStatusCode()```","HTTP Status code of the http response..","```int```"],"Type":"tablerow"},{"Data":["```getHeaders()```","Headers of the http response.","```Headers```"],"Type":"tablerow"},{"Data":["```getRawBody()```","Raw body of the http response.","```InputStream```"],"Type":"tablerow"}],"Type":"table"}],"PlaceholderId":null,"SuggestedLinkText":"HttpResponse Class","SuggestedLink":"$h/__common_code_documentation/HttpResponse%20Class","SuggestedLinkLevel":2,"LinkLabel":null,"HideFromNavigation":false,"Type":"section"},{"Title":"HttpStringResponse Class","Nodes":[{"Text":"Class to hold response body as string.","Type":"paragraph"},{"Level":1,"Text":"Constructors","SuggestedLinkText":"Constructors","SuggestedLink":"Constructors","SuggestedLinkLevel":0,"LinkLabel":null,"HideFromNavigation":false,"Type":"heading"},{"Header":{"Data":["Name","Description"],"Type":"tablerow"},"Rows":[{"Data":["```HttpStringResponse(int code, Headers headers, InputStream rawBody, String body)```","Constructor for HttpStringResponse."],"Type":"tablerow"}],"Type":"table"},{"Level":1,"Text":"Methods","SuggestedLinkText":"Methods","SuggestedLink":"Methods","SuggestedLinkLevel":0,"LinkLabel":null,"HideFromNavigation":false,"Type":"heading"},{"Header":{"Data":["Name","Description","Return Type"],"Type":"tablerow"},"Rows":[{"Data":["```getStatusCode()```","HTTP Status code of the http response.","```int```"],"Type":"tablerow"},{"Data":["```getHeaders()```","Headers of the http response.","```Headers```"],"Type":"tablerow"},{"Data":["```getBody()```","String body of the http response.","```String```"],"Type":"tablerow"}],"Type":"table"}],"PlaceholderId":null,"SuggestedLinkText":"HttpStringResponse Class","SuggestedLink":"$h/__common_code_documentation/HttpStringResponse%20Class","SuggestedLinkLevel":2,"LinkLabel":null,"HideFromNavigation":false,"Type":"section"},{"Title":"HttpContext Class","Nodes":[{"Text":"Class to wrap the request sent to the server and the response received from the server.","Type":"paragraph"},{"Level":1,"Text":"Constructors","SuggestedLinkText":"Constructors","SuggestedLink":"Constructors","SuggestedLinkLevel":0,"LinkLabel":null,"HideFromNavigation":false,"Type":"heading"},{"Header":{"Data":["Name","Description"],"Type":"tablerow"},"Rows":[{"Data":["```HttpContext(HttpRequest request, HttpResponse response)```","Constructor for HttpContext."],"Type":"tablerow"}],"Type":"table"},{"Level":1,"Text":"Methods","SuggestedLinkText":"Methods","SuggestedLink":"Methods","SuggestedLinkLevel":0,"LinkLabel":null,"HideFromNavigation":false,"Type":"heading"},{"Header":{"Data":["Name","Description","Return Type"],"Type":"tablerow"},"Rows":[{"Data":["```getRequest()```","Getter for the Http Request.","```HttpRequest```"],"Type":"tablerow"},{"Data":["```getHttpContext()```","Getter for the Http Response.","```HttpContext```"],"Type":"tablerow"}],"Type":"table"}],"PlaceholderId":null,"SuggestedLinkText":"HttpContext Class","SuggestedLink":"$h/__common_code_documentation/HttpContext%20Class","SuggestedLinkLevel":2,"LinkLabel":null,"HideFromNavigation":false,"Type":"section"},{"Title":"HttpBodyRequest Class","Nodes":[{"Text":"HTTP Request with an explicit body.","Type":"paragraph"},{"Level":1,"Text":"Constructors","SuggestedLinkText":"Constructors","SuggestedLink":"Constructors","SuggestedLinkLevel":0,"LinkLabel":null,"HideFromNavigation":false,"Type":"heading"},{"Header":{"Data":["Name","Description"],"Type":"tablerow"},"Rows":[{"Data":["```HttpBodyRequest(HttpMethod method, StringBuilder queryUrlBuilder, Headers headers, Map<String, Object> queryParams, Object body)```","Create a request with explicit body."],"Type":"tablerow"}],"Type":"table"},{"Level":1,"Text":"Methods","SuggestedLinkText":"Methods","SuggestedLink":"Methods","SuggestedLinkLevel":0,"LinkLabel":null,"HideFromNavigation":false,"Type":"heading"},{"Header":{"Data":["Name","Description","Return Type"],"Type":"tablerow"},"Rows":[{"Data":["```getBody()```","Body for the http request.","```Object```"],"Type":"tablerow"}],"Type":"table"}],"PlaceholderId":null,"SuggestedLinkText":"HttpBodyRequest Class","SuggestedLink":"$h/__common_code_documentation/HttpBodyRequest%20Class","SuggestedLinkLevel":2,"LinkLabel":null,"HideFromNavigation":false,"Type":"section"},{"Title":"HttpCallback Interface","Nodes":[{"Text":"Callback to be called before and after the HTTP call for an endpoint is made.","Type":"paragraph"},{"Level":1,"Text":"Methods","SuggestedLinkText":"Methods","SuggestedLink":"Methods","SuggestedLinkLevel":0,"LinkLabel":null,"HideFromNavigation":false,"Type":"heading"},{"Header":{"Data":["Name","Description","Return Type"],"Type":"tablerow"},"Rows":[{"Data":["```onBeforeRequest(HttpRequest request)```","Callback called just before the HTTP request is sent.","```void```"],"Type":"tablerow"},{"Data":["```onAfterResponse(HttpContext context)```","Callback called just after the HTTP response is received.","```void```"],"Type":"tablerow"}],"Type":"table"}],"PlaceholderId":null,"SuggestedLinkText":"HttpCallback Interface","SuggestedLink":"$h/__common_code_documentation/HttpCallback%20Interface","SuggestedLinkLevel":2,"LinkLabel":null,"HideFromNavigation":false,"Type":"section"},{"Title":"Headers Class","Nodes":[{"Text":"Class for creating and managing HTTP Headers.","Type":"paragraph"},{"Level":1,"Text":"Constructors","SuggestedLinkText":"Constructors","SuggestedLink":"Constructors","SuggestedLinkLevel":0,"LinkLabel":null,"HideFromNavigation":false,"Type":"heading"},{"Header":{"Data":["Name","Description"],"Type":"tablerow"},"Rows":[{"Data":["```Headers()```","Default constructor."],"Type":"tablerow"},{"Data":["```Headers(Map<String, List<String>> headers)```","Constructor that creates a new instance using a given Map."],"Type":"tablerow"},{"Data":["```Headers(Headers h)```","Copy Constructor."],"Type":"tablerow"}],"Type":"table"},{"Level":1,"Text":"Methods","SuggestedLinkText":"Methods","SuggestedLink":"Methods","SuggestedLinkLevel":0,"LinkLabel":null,"HideFromNavigation":false,"Type":"heading"},{"Header":{"Data":["Name","Description","Return Type"],"Type":"tablerow"},"Rows":[{"Data":["```has(String headerName)```","Use to check if the given name is present in headers.","```boolean```"],"Type":"tablerow"},{"Data":["```names()```","Returns a Set containing all header names.","```Set<String>```"],"Type":"tablerow"},{"Data":["```value(String headerName)```","Returns the first value associated with a given header name, or null if the header name is not found.","```String```"],"Type":"tablerow"},{"Data":["```values(String headerName)```","Returns a List of all values associated with a given header name, or null if the header name is not found.","```List<String>```"],"Type":"tablerow"},{"Data":["```asSimpleMap()```","Returns a Map of the headers, giving only one value for each header name.","```Map<String, String>```"],"Type":"tablerow"},{"Data":["```asMultimap()```","Returns a simulated MultiMap of the headers.","```Map<String, List<String>>```"],"Type":"tablerow"},{"Data":["```cloneHeaderMap(Map<String, List<String>> headerMap)```","Clones a header map.","```Map<String, List<String>>```"],"Type":"tablerow"},{"Data":["```add(String headerName, String value)```","Adds a value for a header name to this object.","```void```"],"Type":"tablerow"},{"Data":["```add(String headerName, List<String> values)```","Adds a List of values for a header name to this object.","```void```"],"Type":"tablerow"},{"Data":["```addAllFromMap(Map<String, String> headers)```","Adds values from a Map to this object.","```void```"],"Type":"tablerow"},{"Data":["```addAllFromMultiMap(Map<String, List<String>> headers)```","Adds values from a simulated Multi-Map to this object.","```void```"],"Type":"tablerow"},{"Data":["```addAll(Headers headers)```","Adds all the entries in a Headers object to this object.","```void```"],"Type":"tablerow"},{"Data":["```remove(String headerName)```","Removes the mapping for a header name if it is present.","```List<String>```"],"Type":"tablerow"}],"Type":"table"}],"PlaceholderId":null,"SuggestedLinkText":"Headers Class","SuggestedLink":"$h/__common_code_documentation/Headers%20Class","SuggestedLinkLevel":2,"LinkLabel":null,"HideFromNavigation":false,"Type":"section"},{"Title":"ApiException Class","Nodes":[{"Text":"This is the base class for all exceptions that represent an error response from the server.","Type":"paragraph"},{"Level":1,"Text":"Constructors","SuggestedLinkText":"Constructors","SuggestedLink":"Constructors","SuggestedLinkLevel":0,"LinkLabel":null,"HideFromNavigation":false,"Type":"heading"},{"Header":{"Data":["Name","Description"],"Type":"tablerow"},"Rows":[{"Data":["```ApiException(String reason)```","Initialization constructor."],"Type":"tablerow"},{"Data":["```ApiException(String reason, HttpContext context)```","Initialization constructor."],"Type":"tablerow"}],"Type":"table"},{"Level":1,"Text":"Methods","SuggestedLinkText":"Methods","SuggestedLink":"Methods","SuggestedLinkLevel":0,"LinkLabel":null,"HideFromNavigation":false,"Type":"heading"},{"Header":{"Data":["Name","Description","Return Type"],"Type":"tablerow"},"Rows":[{"Data":["```getResponseCode()```","The HTTP response code from the API request","```int```"],"Type":"tablerow"},{"Data":["```getHeaders()```","The HTTP response body from the API request.","```Headers```"],"Type":"tablerow"}],"Type":"table"}],"PlaceholderId":null,"SuggestedLinkText":"ApiException Class","SuggestedLink":"$h/__common_code_documentation/ApiException%20Class","SuggestedLinkLevel":2,"LinkLabel":null,"HideFromNavigation":false,"Type":"section"},{"Title":"Configuration Interface","Nodes":[{"Text":"This is the base class for all exceptions that represent an error response from the server.","Type":"paragraph"},{"Level":1,"Text":"Methods","SuggestedLinkText":"Methods","SuggestedLink":"Methods","SuggestedLinkLevel":0,"LinkLabel":null,"HideFromNavigation":false,"Type":"heading"},{"Header":{"Data":["Name","Description","Return Type"],"Type":"tablerow"},"Rows":[{"Data":["```getEnvironment()```","Current API environment.","```Environment```"],"Type":"tablerow"},{"Data":["```getHttpClientConfig()```","Http Client Configuration instance.","```ReadonlyHttpClientConfiguration```"],"Type":"tablerow"},{"Data":["```getBaseUri(Server server)```","Get base URI by current environment.","```String```"],"Type":"tablerow"},{"Data":["```getBaseUri()```","Get base URI by current environment.","```String```"],"Type":"tablerow"}],"Type":"table"}],"PlaceholderId":null,"SuggestedLinkText":"Configuration Interface","SuggestedLink":"$h/__common_code_documentation/Configuration%20Interface","SuggestedLinkLevel":2,"LinkLabel":null,"HideFromNavigation":false,"Type":"section"},{"Title":"HttpClientConfiguration Class","Nodes":[{"Text":"Class for holding http client configuration.","Type":"paragraph"},{"Level":1,"Text":"Methods","SuggestedLinkText":"Methods","SuggestedLink":"Methods","SuggestedLinkLevel":0,"LinkLabel":null,"HideFromNavigation":false,"Type":"heading"},{"Header":{"Data":["Name","Description","Return Type"],"Type":"tablerow"},"Rows":[{"Data":["```getTimeout()```","The timeout in seconds to use for making HTTP requests.","```long```"],"Type":"tablerow"},{"Data":["```getNumberOfRetries()```","The number of retries to make.","```int```"],"Type":"tablerow"},{"Data":["```getBackOffFactor()```","To use in calculation of wait time for next request in case of failure.","```int```"],"Type":"tablerow"},{"Data":["```getRetryInterval()```","To use in calculation of wait time for next request in case of failure.","```long```"],"Type":"tablerow"},{"Data":["```getHttpStatusCodesToRetry()```","Http status codes to retry against.","```Set<Integer>```"],"Type":"tablerow"},{"Data":["```getHttpMethodsToRetry()```","Http methods to retry against.","```Set<HttpMethod>```"],"Type":"tablerow"},{"Data":["```getMaximumRetryWaitTime()```","The maximum wait time for overall retrying requests.","```long```"],"Type":"tablerow"},{"Data":["```shouldRetryOnTimeout()```","Whether to retry on request timeout.","```boolean```"],"Type":"tablerow"},{"Data":["```getHttpClientInstance()```","The OkHttpClient instance used to make the HTTP calls.","```okhttp3.OkHttpClient```"],"Type":"tablerow"},{"Data":["```shouldOverrideHttpClientConfigurations()```","Allow the SDK to override HTTP client instance's settings used for features like retries, timeouts etc.","```boolean```"],"Type":"tablerow"},{"Data":["```toString()```","Converts this HttpClientConfiguration into string format.","```String```"],"Type":"tablerow"},{"Data":["```newBuilder()```","Builds a new {@link HttpClientConfiguration.Builder} object. Creates the instance with the current state.","```HttpClientConfiguration.Builder```"],"Type":"tablerow"}],"Type":"table"}],"PlaceholderId":null,"SuggestedLinkText":"HttpClientConfiguration Class","SuggestedLink":"$h/__common_code_documentation/HttpClientConfiguration%20Class","SuggestedLinkLevel":2,"LinkLabel":null,"HideFromNavigation":false,"Type":"section"},{"Title":"HttpClientConfiguration.Builder Class","Nodes":[{"Text":"Class to build instances of {@link HttpClientConfiguration}.","Type":"paragraph"},{"Level":1,"Text":"Constructors","SuggestedLinkText":"Constructors","SuggestedLink":"Constructors","SuggestedLinkLevel":0,"LinkLabel":null,"HideFromNavigation":false,"Type":"heading"},{"Header":{"Data":["Name","Description"],"Type":"tablerow"},"Rows":[{"Data":["```Builder()```","Default Constructor to initiate builder with default properties."],"Type":"tablerow"}],"Type":"table"},{"Level":1,"Text":"Methods","SuggestedLinkText":"Methods","SuggestedLink":"Methods","SuggestedLinkLevel":0,"LinkLabel":null,"HideFromNavigation":false,"Type":"heading"},{"Header":{"Data":["Name","Description","Return Type"],"Type":"tablerow"},"Rows":[{"Data":["```timeout(long timeout)```","Sets the timeout in seconds to use for making http requests.","```Builder```"],"Type":"tablerow"},{"Data":["```numberOfRetries(int numberOfRetries)```","Sets the number of retries to make.","```Builder```"],"Type":"tablerow"},{"Data":["```backOffFactor(int backOffFactor)```","Sets to use in calculation of wait time for next request in case of failure.","```Builder```"],"Type":"tablerow"},{"Data":["```retryInterval(long retryInterval)```","Sets to use in calculation of wait time for next request in case of failure.","```Builder```"],"Type":"tablerow"},{"Data":["```httpStatusCodesToRetry(Set<Integer> httpStatusCodesToRetry)```","Sets http status codes to retry against.","```Builder```"],"Type":"tablerow"},{"Data":["```httpMethodsToRetry(Set<HttpMethod> httpMethodsToRetry)```","Sets http methods to retry against.","```Builder```"],"Type":"tablerow"},{"Data":["```maximumRetryWaitTime(long maximumRetryWaitTime)```","Sets the maximum wait time for overall retrying requests.","```Builder```"],"Type":"tablerow"},{"Data":["```shouldRetryOnTimeout(boolean shouldRetryOnTimeout)```","Sets whether to retry on request timeout.","```Builder```"],"Type":"tablerow"},{"Data":["```httpClientInstance(okhttp3.OkHttpClient httpClientInstance)```","Sets the okhttpclient instance used to make the http calls.","```Builder```"],"Type":"tablerow"},{"Data":["```httpClientInstance(okhttp3.OkHttpClient httpClientInstance, boolean overrideHttpClientConfigurations)```","Sets the okhttpclient instance used to make the http calls and an option to Allow the SDK to override HTTP client instance's settings used for features like retries, timeouts etc.","```Builder```"],"Type":"tablerow"},{"Data":["```build()```","Builds a new HttpClientConfiguration object using the set fields.","```HttpClientConfiguration```"],"Type":"tablerow"}],"Type":"table"}],"PlaceholderId":null,"SuggestedLinkText":"HttpClientConfiguration.Builder Class","SuggestedLink":"$h/__common_code_documentation/HttpClientConfiguration.Builder%20Class","SuggestedLinkLevel":2,"LinkLabel":null,"HideFromNavigation":false,"Type":"section"}],"PlaceholderId":"__common_code_documentation","SuggestedLinkText":"Common Code Documentation","SuggestedLink":"$h/__common_code_documentation","SuggestedLinkLevel":1,"LinkLabel":null,"HideFromNavigation":true,"Type":"section"}],"Type":"document"}