{
  "AuthenticateEndpointsWith": [],
  "Name": "APIMATIC Calculator",
  "BaseUri": "https://examples.apimatic.io/apps/calculator",
  "ServerConfiguration": {
    "UseParent": false,
    "DefaultEnvironment": "production",
    "DefaultServer": "Calculator",
    "Environments": [
      {
        "Name": "production",
        "Description": "This environment connect to the LIVE calculator API",
        "Servers": [
          {
            "Name": "Calculator",
            "Url": "https://examples.apimatic.io/apps/calculator"
          }
        ]
      }
    ],
    "Parameters": []
  },
  "ImageUri": "https://apimatic.io/img/example-apps/Calculator.svg",
  "Description": "Simple calculator API hosted on APIMATIC",
  "Version": "1.0",
  "Contact": {},
  "AdditionalHeaders": [],
  "Authentication": {
    "Type": "None",
    "AuthType": "None",
    "Parameters": [],
    "AuthGrantTypes": [],
    "AuthScopes": [],
    "Scopes": [],
    "ParamFormats": {}
  },
  "AuthenticationSchemes": {},
  "Endpoints": [
    {
      "AuthenticateEndpointWith": [],
      "Name": "Calculate",
      "Description": "Calculates the expression using the specified operation.",
      "HTTPMethod": "GET",
      "Group": "Simple Calculator",
      "RequiresAuthentication": true,
      "Route": "/{operation}",
      "Responses": {},
      "Response": {
        "Optional": false,
        "AnyOfTypes": [],
        "AnyOfCasesMeta": [],
        "OneOfTypes": [],
        "OneOfCasesMeta": [],
        "NotTypes": [],
        "NotCasesMeta": [],
        "Type": "Precision",
        "Constant": false,
        "IsStream": false,
        "IsAttribute": false,
        "Examples": [],
        "Attributes": {},
        "Nullable": false,
        "ReadOnly": false,
        "WriteOnly": false,
        "IsArray": false,
        "IsMap": false,
        "IsArrayOfMap": false,
        "Deprecated": false,
        "Name": "response",
        "DefaultValue": ""
      },
      "ResponseHeaders": [],
      "HasOptionalQueryParams": false,
      "HasOptionalFieldParams": false,
      "CollectParameters": false,
      "RequiredScopes": [],
      "Parameters": [
        {
          "ParamFormat": "Template",
          "Optional": false,
          "AnyOfTypes": [],
          "AnyOfCasesMeta": [],
          "OneOfTypes": [],
          "OneOfCasesMeta": [],
          "NotTypes": [],
          "NotCasesMeta": [],
          "Type": "Operation Type",
          "Constant": false,
          "IsStream": false,
          "IsAttribute": false,
          "Examples": [],
          "Nullable": false,
          "ReadOnly": false,
          "WriteOnly": false,
          "IsArray": false,
          "IsMap": false,
          "IsArrayOfMap": false,
          "Deprecated": false,
          "Name": "operation",
          "Description": "The operator to apply on the variables",
          "DefaultValue": ""
        },
        {
          "ParamFormat": "Query",
          "Optional": false,
          "AnyOfTypes": [],
          "AnyOfCasesMeta": [],
          "OneOfTypes": [],
          "OneOfCasesMeta": [],
          "NotTypes": [],
          "NotCasesMeta": [],
          "Type": "Precision",
          "Constant": false,
          "IsStream": false,
          "IsAttribute": false,
          "Examples": [],
          "Attributes": {},
          "Nullable": false,
          "ReadOnly": false,
          "WriteOnly": false,
          "IsArray": false,
          "IsMap": false,
          "IsArrayOfMap": false,
          "Deprecated": false,
          "Name": "x",
          "Description": "The LHS value",
          "DefaultValue": ""
        },
        {
          "ParamFormat": "Query",
          "Optional": false,
          "AnyOfTypes": [],
          "AnyOfCasesMeta": [],
          "OneOfTypes": [],
          "OneOfCasesMeta": [],
          "NotTypes": [],
          "NotCasesMeta": [],
          "Type": "Precision",
          "Constant": false,
          "IsStream": false,
          "IsAttribute": false,
          "Examples": [],
          "Attributes": {},
          "Nullable": false,
          "ReadOnly": false,
          "WriteOnly": false,
          "IsArray": false,
          "IsMap": false,
          "IsArrayOfMap": false,
          "Deprecated": false,
          "Name": "y",
          "Description": "The RHS value",
          "DefaultValue": ""
        }
      ],
      "Errors": [],
      "TestCases": [
        {
          "Name": "multiply",
          "Description": "Check if multiplication works",
          "Enabled": true,
          "ShouldPass": true,
          "InputParameters": [
            {
              "IsNull": false,
              "Name": "operation",
              "Value": "MULTIPLY"
            },
            {
              "IsNull": false,
              "Name": "x",
              "Value": "4"
            },
            {
              "IsNull": false,
              "Name": "y",
              "Value": "5"
            }
          ],
          "ExpectedStatus": "200",
          "ExpectedHeaders": [],
          "ExpectedHeadersAllowExtra": true,
          "ExpectedBody": "20",
          "ExpectedBodyMatchMode": "NATIVE",
          "ExpectedArrayOrderedMatching": false,
          "ExpectedArrayCheckCount": false,
          "ResponseMatchSchema": true
        }
      ],
      "WrapBodyInObject": false,
      "Deprecated": false,
      "XmlRequest": false,
      "XmlResponse": false,
      "Tags": []
    }
  ],
  "EndpointGroups": [
    {
      "Name": "Simple Calculator",
      "Description": ""
    }
  ],
  "CustomTypes": [
    {
      "Name": "Operation Type",
      "ImplementationType": "Enumeration",
      "Description": "Possible operators are sum, subtract, multiply, divide",
      "Fields": [
        {
          "Optional": false,
          "AnyOfTypes": [],
          "AnyOfCasesMeta": [],
          "OneOfTypes": [],
          "OneOfCasesMeta": [],
          "NotTypes": [],
          "NotCasesMeta": [],
          "Type": "String",
          "Constant": false,
          "IsStream": false,
          "IsAttribute": false,
          "Examples": [],
          "Attributes": {},
          "Nullable": false,
          "ReadOnly": false,
          "WriteOnly": false,
          "IsArray": false,
          "IsMap": false,
          "IsArrayOfMap": false,
          "Deprecated": false,
          "Name": "SUM",
          "Description": "Represents the sum operator",
          "DefaultValue": "SUM"
        },
        {
          "Optional": false,
          "AnyOfTypes": [],
          "AnyOfCasesMeta": [],
          "OneOfTypes": [],
          "OneOfCasesMeta": [],
          "NotTypes": [],
          "NotCasesMeta": [],
          "Type": "String",
          "Constant": false,
          "IsStream": false,
          "IsAttribute": false,
          "Examples": [],
          "Attributes": {},
          "Nullable": false,
          "ReadOnly": false,
          "WriteOnly": false,
          "IsArray": false,
          "IsMap": false,
          "IsArrayOfMap": false,
          "Deprecated": false,
          "Name": "SUBTRACT",
          "Description": "Represents the subtract operator",
          "DefaultValue": "SUBTRACT"
        },
        {
          "Optional": false,
          "AnyOfTypes": [],
          "AnyOfCasesMeta": [],
          "OneOfTypes": [],
          "OneOfCasesMeta": [],
          "NotTypes": [],
          "NotCasesMeta": [],
          "Type": "String",
          "Constant": false,
          "IsStream": false,
          "IsAttribute": false,
          "Examples": [],
          "Attributes": {},
          "Nullable": false,
          "ReadOnly": false,
          "WriteOnly": false,
          "IsArray": false,
          "IsMap": false,
          "IsArrayOfMap": false,
          "Deprecated": false,
          "Name": "MULTIPLY",
          "Description": "Represents the multiply operator",
          "DefaultValue": "MULTIPLY"
        },
        {
          "Optional": false,
          "AnyOfTypes": [],
          "AnyOfCasesMeta": [],
          "OneOfTypes": [],
          "OneOfCasesMeta": [],
          "NotTypes": [],
          "NotCasesMeta": [],
          "Type": "String",
          "Constant": false,
          "IsStream": false,
          "IsAttribute": false,
          "Examples": [],
          "Attributes": {},
          "Nullable": false,
          "ReadOnly": false,
          "WriteOnly": false,
          "IsArray": false,
          "IsMap": false,
          "IsArrayOfMap": false,
          "Deprecated": false,
          "Name": "DIVIDE",
          "Description": "Represents the divide operator",
          "DefaultValue": "DIVIDE"
        }
      ],
      "ExampleValues": [],
      "Deprecated": false,
      "IsXmlType": false
    }
  ],
  "UserDefinedImportedTypes": [],
  "GlobalTypeCombinators": {},
  "CodeGenSettings": {
    "SynchronyMode": "Asynchronous",
    "ModelSerializationScheme": "Json",
    "ArraySerialization": "Indexed",
    "Nullify404": false,
    "UseHttpMethodPrefix": true,
    "UseModelPrefix": false,
    "UseExceptionPrefix": true,
    "UseEnumPrefix": true,
    "UseControllerPrefix": true,
    "UseConstructorsForConfig": true,
    "Timeout": 0.0,
    "AndroidUseAppManifest": true,
    "iOSUseAppInfoPlist": true,
    "iOSGenerateCoreData": false,
    "CollapseParamsToArray": true,
    "RunscopeEnabled": false,
    "AndroidHttpClient": "UNIREST",
    "JavaHttpClient": "JAVA_OK",
    "ObjCHttpClient": "UNIREST",
    "CSharpHttpClient": "UNIREST",
    "NodeHttpClient": "NODE_REQUEST",
    "JavaUsePropertiesConfig": false,
    "PHPHttpClient": "UNIREST",
    "EnablePHPComposerVersionString": false,
    "EnableGlobalUserAgent": true,
    "EnableAdditionalModelProperties": false,
    "PreserveParameterOrder": true,
    "ValidateRequiredParameters": false,
    "AppendContentHeaders": true,
    "GenerateInterfaces": false,
    "UseCommonSDKLibrary": false,
    "ParameterArrayFormat": "ParamArrayWithIndex",
    "SecurityProtocols": [
      "Ssl3",
      "Tls",
      "Ssl3",
      "Tls"
    ],
    "GenerateTravisConfig": true,
    "GenerateCircleConfig": false,
    "GenerateAppveyorConfig": false,
    "GenerateJenkinsConfig": false,
    "EnableLogging": false,
    "EnableHttpCache": false,
    "Retries": 0,
    "RetryInterval": 1.0,
    "BackoffFactor": 2.0,
    "StatusCodesToRetry": [
      408,
      413,
      429,
      500,
      502,
      503,
      504,
      521,
      522,
      524,
      408,
      413,
      429,
      500,
      502,
      503,
      504,
      521,
      522,
      524
    ],
    "RequestMethodsToRetry": [
      "GET",
      "PUT",
      "GET",
      "PUT"
    ],
    "UserConfigurableRetries": true,
    "GenerateAdvancedDocs": true,
    "DisableDocs": false,
    "StoreTimezoneInformation": false,
    "UnderscoreNumbers": true,
    "UseSingletonPattern": true,
    "IgnoreIfNullJson": false,
    "DisableLinting": false,
    "SortResources": false,
    "LiftParameterDescriptionFromCustomType": false,
    "AllowSkippingSSLCertVerification": false,
    "ApplyCustomizations": [],
    "DoNotSplitWords": [],
    "ReturnCompleteHttpResponse": false,
    "ThrowForHttpErrorStatusCodes": true,
    "GenerateModels": true,
    "GenerateEnums": true,
    "GenerateExceptions": true,
    "ResponseMapping": {
      "Type": "Simple"
    },
    "ForceKeywordArgsInRuby": false,
    "SymbolizeHashKeysInRuby": false,
    "UsageExampleEndpoint": {
      "Description": "",
      "EndpointGroupName": "",
      "EndpointName": ""
    },
    "IsLatestVersion": false,
    "CustomDependencies": [],
    "EnableImmutableModels": false,
    "UseEndpointMethodName": false,
    "EncodeTemplateParameters": true,
    "GenerateExamplesForOptionalFields": false,
    "MultitargetDotnetVersions": false,
    "BackoffMax": 0.0,
    "RetryOnTimeout": true,
    "EnableCookies": false,
    "EnableJsonPassThroughForAny": false
  },
  "Errors": [],
  "TestGenSettings": {
    "Configuration": {},
    "TestTimeout": 30,
    "PrecisionDelta": 0.01
  },
  "Roles": [],
  "Namespaces": [],
  "ExportSettings": {
    "ExportExtensions": false,
    "UseDateTimeOnlyInRaml": false,
    "SetPostmanParamValuesAsVariables": false,
    "WrapResponseFieldInWsdl": true,
    "AllowEmptyTypeAttributesInXsd": false,
    "WrapInputOutputTypesInElementInXsd": false,
    "AddRefSiblingDataInAllOfSchema": false,
    "EncodeUrlParamsInPostman": true,
    "UseXsdBase64BinaryType": false,
    "ExportXmlMetaData": true,
    "ExportDiscriminatorMappingValues": true,
    "ExportGlobalTypeCombinators": true,
    "ExportAnyType": true,
    "ExportOptionalParametersAsDisabled": false,
    "ExportApiKeyAuthInPostman": true,
    "GenerateSampleValueFromRegexPattern": false,
    "UseHttpMethodPrefixForAutoGeneratedWsdlNames": true
  }
}